{"0023-FE0F-20E3":"hash","002A-FE0F-20E3":"keycap_star","0030-FE0F-20E3":"zero","0031-FE0F-20E3":"one","0032-FE0F-20E3":"two","0033-FE0F-20E3":"three","0034-FE0F-20E3":"four","0035-FE0F-20E3":"five","0036-FE0F-20E3":"six","0037-FE0F-20E3":"seven","0038-FE0F-20E3":"eight","0039-FE0F-20E3":"nine","00A9-FE0F":"copyright","00AE-FE0F":"registered","1F004":"mahjong","1F0CF":"black_joker","1F170-FE0F":"a","1F171-FE0F":"b","1F17E-FE0F":"o2","1F17F-FE0F":"parking","1F18E":"ab","1F191":"cl","1F192":"cool","1F193":"free","1F194":"id","1F195":"new","1F196":"ng","1F197":"ok","1F198":"sos","1F199":"up","1F19A":"vs","1F1E6-1F1E8":"flag-ac","1F1E6-1F1E9":"flag-ad","1F1E6-1F1EA":"flag-ae","1F1E6-1F1EB":"flag-af","1F1E6-1F1EC":"flag-ag","1F1E6-1F1EE":"flag-ai","1F1E6-1F1F1":"flag-al","1F1E6-1F1F2":"flag-am","1F1E6-1F1F4":"flag-ao","1F1E6-1F1F6":"flag-aq","1F1E6-1F1F7":"flag-ar","1F1E6-1F1F8":"flag-as","1F1E6-1F1F9":"flag-at","1F1E6-1F1FA":"flag-au","1F1E6-1F1FC":"flag-aw","1F1E6-1F1FD":"flag-ax","1F1E6-1F1FF":"flag-az","1F1E7-1F1E6":"flag-ba","1F1E7-1F1E7":"flag-bb","1F1E7-1F1E9":"flag-bd","1F1E7-1F1EA":"flag-be","1F1E7-1F1EB":"flag-bf","1F1E7-1F1EC":"flag-bg","1F1E7-1F1ED":"flag-bh","1F1E7-1F1EE":"flag-bi","1F1E7-1F1EF":"flag-bj","1F1E7-1F1F1":"flag-bl","1F1E7-1F1F2":"flag-bm","1F1E7-1F1F3":"flag-bn","1F1E7-1F1F4":"flag-bo","1F1E7-1F1F6":"flag-bq","1F1E7-1F1F7":"flag-br","1F1E7-1F1F8":"flag-bs","1F1E7-1F1F9":"flag-bt","1F1E7-1F1FB":"flag-bv","1F1E7-1F1FC":"flag-bw","1F1E7-1F1FE":"flag-by","1F1E7-1F1FF":"flag-bz","1F1E8-1F1E6":"flag-ca","1F1E8-1F1E8":"flag-cc","1F1E8-1F1E9":"flag-cd","1F1E8-1F1EB":"flag-cf","1F1E8-1F1EC":"flag-cg","1F1E8-1F1ED":"flag-ch","1F1E8-1F1EE":"flag-ci","1F1E8-1F1F0":"flag-ck","1F1E8-1F1F1":"flag-cl","1F1E8-1F1F2":"flag-cm","1F1E8-1F1F3":"flag-cn","1F1E8-1F1F4":"flag-co","1F1E8-1F1F5":"flag-cp","1F1E8-1F1F7":"flag-cr","1F1E8-1F1FA":"flag-cu","1F1E8-1F1FB":"flag-cv","1F1E8-1F1FC":"flag-cw","1F1E8-1F1FD":"flag-cx","1F1E8-1F1FE":"flag-cy","1F1E8-1F1FF":"flag-cz","1F1E9-1F1EA":"flag-de","1F1E9-1F1EC":"flag-dg","1F1E9-1F1EF":"flag-dj","1F1E9-1F1F0":"flag-dk","1F1E9-1F1F2":"flag-dm","1F1E9-1F1F4":"flag-do","1F1E9-1F1FF":"flag-dz","1F1EA-1F1E6":"flag-ea","1F1EA-1F1E8":"flag-ec","1F1EA-1F1EA":"flag-ee","1F1EA-1F1EC":"flag-eg","1F1EA-1F1ED":"flag-eh","1F1EA-1F1F7":"flag-er","1F1EA-1F1F8":"flag-es","1F1EA-1F1F9":"flag-et","1F1EA-1F1FA":"flag-eu","1F1EB-1F1EE":"flag-fi","1F1EB-1F1EF":"flag-fj","1F1EB-1F1F0":"flag-fk","1F1EB-1F1F2":"flag-fm","1F1EB-1F1F4":"flag-fo","1F1EB-1F1F7":"flag-fr","1F1EC-1F1E6":"flag-ga","1F1EC-1F1E7":"flag-gb","1F1EC-1F1E9":"flag-gd","1F1EC-1F1EA":"flag-ge","1F1EC-1F1EB":"flag-gf","1F1EC-1F1EC":"flag-gg","1F1EC-1F1ED":"flag-gh","1F1EC-1F1EE":"flag-gi","1F1EC-1F1F1":"flag-gl","1F1EC-1F1F2":"flag-gm","1F1EC-1F1F3":"flag-gn","1F1EC-1F1F5":"flag-gp","1F1EC-1F1F6":"flag-gq","1F1EC-1F1F7":"flag-gr","1F1EC-1F1F8":"flag-gs","1F1EC-1F1F9":"flag-gt","1F1EC-1F1FA":"flag-gu","1F1EC-1F1FC":"flag-gw","1F1EC-1F1FE":"flag-gy","1F1ED-1F1F0":"flag-hk","1F1ED-1F1F2":"flag-hm","1F1ED-1F1F3":"flag-hn","1F1ED-1F1F7":"flag-hr","1F1ED-1F1F9":"flag-ht","1F1ED-1F1FA":"flag-hu","1F1EE-1F1E8":"flag-ic","1F1EE-1F1E9":"flag-id","1F1EE-1F1EA":"flag-ie","1F1EE-1F1F1":"flag-il","1F1EE-1F1F2":"flag-im","1F1EE-1F1F3":"flag-in","1F1EE-1F1F4":"flag-io","1F1EE-1F1F6":"flag-iq","1F1EE-1F1F7":"flag-ir","1F1EE-1F1F8":"flag-is","1F1EE-1F1F9":"flag-it","1F1EF-1F1EA":"flag-je","1F1EF-1F1F2":"flag-jm","1F1EF-1F1F4":"flag-jo","1F1EF-1F1F5":"flag-jp","1F1F0-1F1EA":"flag-ke","1F1F0-1F1EC":"flag-kg","1F1F0-1F1ED":"flag-kh","1F1F0-1F1EE":"flag-ki","1F1F0-1F1F2":"flag-km","1F1F0-1F1F3":"flag-kn","1F1F0-1F1F5":"flag-kp","1F1F0-1F1F7":"flag-kr","1F1F0-1F1FC":"flag-kw","1F1F0-1F1FE":"flag-ky","1F1F0-1F1FF":"flag-kz","1F1F1-1F1E6":"flag-la","1F1F1-1F1E7":"flag-lb","1F1F1-1F1E8":"flag-lc","1F1F1-1F1EE":"flag-li","1F1F1-1F1F0":"flag-lk","1F1F1-1F1F7":"flag-lr","1F1F1-1F1F8":"flag-ls","1F1F1-1F1F9":"flag-lt","1F1F1-1F1FA":"flag-lu","1F1F1-1F1FB":"flag-lv","1F1F1-1F1FE":"flag-ly","1F1F2-1F1E6":"flag-ma","1F1F2-1F1E8":"flag-mc","1F1F2-1F1E9":"flag-md","1F1F2-1F1EA":"flag-me","1F1F2-1F1EB":"flag-mf","1F1F2-1F1EC":"flag-mg","1F1F2-1F1ED":"flag-mh","1F1F2-1F1F0":"flag-mk","1F1F2-1F1F1":"flag-ml","1F1F2-1F1F2":"flag-mm","1F1F2-1F1F3":"flag-mn","1F1F2-1F1F4":"flag-mo","1F1F2-1F1F5":"flag-mp","1F1F2-1F1F6":"flag-mq","1F1F2-1F1F7":"flag-mr","1F1F2-1F1F8":"flag-ms","1F1F2-1F1F9":"flag-mt","1F1F2-1F1FA":"flag-mu","1F1F2-1F1FB":"flag-mv","1F1F2-1F1FC":"flag-mw","1F1F2-1F1FD":"flag-mx","1F1F2-1F1FE":"flag-my","1F1F2-1F1FF":"flag-mz","1F1F3-1F1E6":"flag-na","1F1F3-1F1E8":"flag-nc","1F1F3-1F1EA":"flag-ne","1F1F3-1F1EB":"flag-nf","1F1F3-1F1EC":"flag-ng","1F1F3-1F1EE":"flag-ni","1F1F3-1F1F1":"flag-nl","1F1F3-1F1F4":"flag-no","1F1F3-1F1F5":"flag-np","1F1F3-1F1F7":"flag-nr","1F1F3-1F1FA":"flag-nu","1F1F3-1F1FF":"flag-nz","1F1F4-1F1F2":"flag-om","1F1F5-1F1E6":"flag-pa","1F1F5-1F1EA":"flag-pe","1F1F5-1F1EB":"flag-pf","1F1F5-1F1EC":"flag-pg","1F1F5-1F1ED":"flag-ph","1F1F5-1F1F0":"flag-pk","1F1F5-1F1F1":"flag-pl","1F1F5-1F1F2":"flag-pm","1F1F5-1F1F3":"flag-pn","1F1F5-1F1F7":"flag-pr","1F1F5-1F1F8":"flag-ps","1F1F5-1F1F9":"flag-pt","1F1F5-1F1FC":"flag-pw","1F1F5-1F1FE":"flag-py","1F1F6-1F1E6":"flag-qa","1F1F7-1F1EA":"flag-re","1F1F7-1F1F4":"flag-ro","1F1F7-1F1F8":"flag-rs","1F1F7-1F1FA":"flag-ru","1F1F7-1F1FC":"flag-rw","1F1F8-1F1E6":"flag-sa","1F1F8-1F1E7":"flag-sb","1F1F8-1F1E8":"flag-sc","1F1F8-1F1E9":"flag-sd","1F1F8-1F1EA":"flag-se","1F1F8-1F1EC":"flag-sg","1F1F8-1F1ED":"flag-sh","1F1F8-1F1EE":"flag-si","1F1F8-1F1EF":"flag-sj","1F1F8-1F1F0":"flag-sk","1F1F8-1F1F1":"flag-sl","1F1F8-1F1F2":"flag-sm","1F1F8-1F1F3":"flag-sn","1F1F8-1F1F4":"flag-so","1F1F8-1F1F7":"flag-sr","1F1F8-1F1F8":"flag-ss","1F1F8-1F1F9":"flag-st","1F1F8-1F1FB":"flag-sv","1F1F8-1F1FD":"flag-sx","1F1F8-1F1FE":"flag-sy","1F1F8-1F1FF":"flag-sz","1F1F9-1F1E6":"flag-ta","1F1F9-1F1E8":"flag-tc","1F1F9-1F1E9":"flag-td","1F1F9-1F1EB":"flag-tf","1F1F9-1F1EC":"flag-tg","1F1F9-1F1ED":"flag-th","1F1F9-1F1EF":"flag-tj","1F1F9-1F1F0":"flag-tk","1F1F9-1F1F1":"flag-tl","1F1F9-1F1F2":"flag-tm","1F1F9-1F1F3":"flag-tn","1F1F9-1F1F4":"flag-to","1F1F9-1F1F7":"flag-tr","1F1F9-1F1F9":"flag-tt","1F1F9-1F1FB":"flag-tv","1F1F9-1F1FC":"flag-tw","1F1F9-1F1FF":"flag-tz","1F1FA-1F1E6":"flag-ua","1F1FA-1F1EC":"flag-ug","1F1FA-1F1F2":"flag-um","1F1FA-1F1F3":"flag-un","1F1FA-1F1F8":"flag-us","1F1FA-1F1FE":"flag-uy","1F1FA-1F1FF":"flag-uz","1F1FB-1F1E6":"flag-va","1F1FB-1F1E8":"flag-vc","1F1FB-1F1EA":"flag-ve","1F1FB-1F1EC":"flag-vg","1F1FB-1F1EE":"flag-vi","1F1FB-1F1F3":"flag-vn","1F1FB-1F1FA":"flag-vu","1F1FC-1F1EB":"flag-wf","1F1FC-1F1F8":"flag-ws","1F1FD-1F1F0":"flag-xk","1F1FE-1F1EA":"flag-ye","1F1FE-1F1F9":"flag-yt","1F1FF-1F1E6":"flag-za","1F1FF-1F1F2":"flag-zm","1F1FF-1F1FC":"flag-zw","1F201":"koko","1F202-FE0F":"sa","1F21A":"u7121","1F22F":"u6307","1F232":"u7981","1F233":"u7a7a","1F234":"u5408","1F235":"u6e80","1F236":"u6709","1F237-FE0F":"u6708","1F238":"u7533","1F239":"u5272","1F23A":"u55b6","1F250":"ideograph_advantage","1F251":"accept","1F300":"cyclone","1F301":"foggy","1F302":"closed_umbrella","1F303":"night_with_stars","1F304":"sunrise_over_mountains","1F305":"sunrise","1F306":"city_sunset","1F307":"city_sunrise","1F308":"rainbow","1F309":"bridge_at_night","1F30A":"ocean","1F30B":"volcano","1F30C":"milky_way","1F30D":"earth_africa","1F30E":"earth_americas","1F30F":"earth_asia","1F310":"globe_with_meridians","1F311":"new_moon","1F312":"waxing_crescent_moon","1F313":"first_quarter_moon","1F314":"moon","1F315":"full_moon","1F316":"waning_gibbous_moon","1F317":"last_quarter_moon","1F318":"waning_crescent_moon","1F319":"crescent_moon","1F31A":"new_moon_with_face","1F31B":"first_quarter_moon_with_face","1F31C":"last_quarter_moon_with_face","1F31D":"full_moon_with_face","1F31E":"sun_with_face","1F31F":"star2","1F320":"stars","1F321-FE0F":"thermometer","1F324-FE0F":"mostly_sunny","1F325-FE0F":"barely_sunny","1F326-FE0F":"partly_sunny_rain","1F327-FE0F":"rain_cloud","1F328-FE0F":"snow_cloud","1F329-FE0F":"lightning","1F32A-FE0F":"tornado","1F32B-FE0F":"fog","1F32C-FE0F":"wind_blowing_face","1F32D":"hotdog","1F32E":"taco","1F32F":"burrito","1F330":"chestnut","1F331":"seedling","1F332":"evergreen_tree","1F333":"deciduous_tree","1F334":"palm_tree","1F335":"cactus","1F336-FE0F":"hot_pepper","1F337":"tulip","1F338":"cherry_blossom","1F339":"rose","1F33A":"hibiscus","1F33B":"sunflower","1F33C":"blossom","1F33D":"corn","1F33E":"ear_of_rice","1F33F":"herb","1F340":"four_leaf_clover","1F341":"maple_leaf","1F342":"fallen_leaf","1F343":"leaves","1F344":"mushroom","1F345":"tomato","1F346":"eggplant","1F347":"grapes","1F348":"melon","1F349":"watermelon","1F34A":"tangerine","1F34B":"lemon","1F34C":"banana","1F34D":"pineapple","1F34E":"apple","1F34F":"green_apple","1F350":"pear","1F351":"peach","1F352":"cherries","1F353":"strawberry","1F354":"hamburger","1F355":"pizza","1F356":"meat_on_bone","1F357":"poultry_leg","1F358":"rice_cracker","1F359":"rice_ball","1F35A":"rice","1F35B":"curry","1F35C":"ramen","1F35D":"spaghetti","1F35E":"bread","1F35F":"fries","1F360":"sweet_potato","1F361":"dango","1F362":"oden","1F363":"sushi","1F364":"fried_shrimp","1F365":"fish_cake","1F366":"icecream","1F367":"shaved_ice","1F368":"ice_cream","1F369":"doughnut","1F36A":"cookie","1F36B":"chocolate_bar","1F36C":"candy","1F36D":"lollipop","1F36E":"custard","1F36F":"honey_pot","1F370":"cake","1F371":"bento","1F372":"stew","1F373":"fried_egg","1F374":"fork_and_knife","1F375":"tea","1F376":"sake","1F377":"wine_glass","1F378":"cocktail","1F379":"tropical_drink","1F37A":"beer","1F37B":"beers","1F37C":"baby_bottle","1F37D-FE0F":"knife_fork_plate","1F37E":"champagne","1F37F":"popcorn","1F380":"ribbon","1F381":"gift","1F382":"birthday","1F383":"jack_o_lantern","1F384":"christmas_tree","1F385":"santa","1F385-1F3FB":"santa","1F385-1F3FC":"santa","1F385-1F3FD":"santa","1F385-1F3FE":"santa","1F385-1F3FF":"santa","1F386":"fireworks","1F387":"sparkler","1F388":"balloon","1F389":"tada","1F38A":"confetti_ball","1F38B":"tanabata_tree","1F38C":"crossed_flags","1F38D":"bamboo","1F38E":"dolls","1F38F":"flags","1F390":"wind_chime","1F391":"rice_scene","1F392":"school_satchel","1F393":"mortar_board","1F396-FE0F":"medal","1F397-FE0F":"reminder_ribbon","1F399-FE0F":"studio_microphone","1F39A-FE0F":"level_slider","1F39B-FE0F":"control_knobs","1F39E-FE0F":"film_frames","1F39F-FE0F":"admission_tickets","1F3A0":"carousel_horse","1F3A1":"ferris_wheel","1F3A2":"roller_coaster","1F3A3":"fishing_pole_and_fish","1F3A4":"microphone","1F3A5":"movie_camera","1F3A6":"cinema","1F3A7":"headphones","1F3A8":"art","1F3A9":"tophat","1F3AA":"circus_tent","1F3AB":"ticket","1F3AC":"clapper","1F3AD":"performing_arts","1F3AE":"video_game","1F3AF":"dart","1F3B0":"slot_machine","1F3B1":"8ball","1F3B2":"game_die","1F3B3":"bowling","1F3B4":"flower_playing_cards","1F3B5":"musical_note","1F3B6":"notes","1F3B7":"saxophone","1F3B8":"guitar","1F3B9":"musical_keyboard","1F3BA":"trumpet","1F3BB":"violin","1F3BC":"musical_score","1F3BD":"running_shirt_with_sash","1F3BE":"tennis","1F3BF":"ski","1F3C0":"basketball","1F3C1":"checkered_flag","1F3C2":"snowboarder","1F3C2-1F3FB":"snowboarder","1F3C2-1F3FC":"snowboarder","1F3C2-1F3FD":"snowboarder","1F3C2-1F3FE":"snowboarder","1F3C2-1F3FF":"snowboarder","1F3C3-200D-2640-FE0F":"woman-running","1F3C3-1F3FB-200D-2640-FE0F":"woman-running","1F3C3-1F3FC-200D-2640-FE0F":"woman-running","1F3C3-1F3FD-200D-2640-FE0F":"woman-running","1F3C3-1F3FE-200D-2640-FE0F":"woman-running","1F3C3-1F3FF-200D-2640-FE0F":"woman-running","1F3C3-200D-2642-FE0F":"man-running","1F3C3-1F3FB-200D-2642-FE0F":"man-running","1F3C3-1F3FC-200D-2642-FE0F":"man-running","1F3C3-1F3FD-200D-2642-FE0F":"man-running","1F3C3-1F3FE-200D-2642-FE0F":"man-running","1F3C3-1F3FF-200D-2642-FE0F":"man-running","1F3C3":"runner","1F3C3-1F3FB":"runner","1F3C3-1F3FC":"runner","1F3C3-1F3FD":"runner","1F3C3-1F3FE":"runner","1F3C3-1F3FF":"runner","1F3C4-200D-2640-FE0F":"woman-surfing","1F3C4-1F3FB-200D-2640-FE0F":"woman-surfing","1F3C4-1F3FC-200D-2640-FE0F":"woman-surfing","1F3C4-1F3FD-200D-2640-FE0F":"woman-surfing","1F3C4-1F3FE-200D-2640-FE0F":"woman-surfing","1F3C4-1F3FF-200D-2640-FE0F":"woman-surfing","1F3C4-200D-2642-FE0F":"man-surfing","1F3C4-1F3FB-200D-2642-FE0F":"man-surfing","1F3C4-1F3FC-200D-2642-FE0F":"man-surfing","1F3C4-1F3FD-200D-2642-FE0F":"man-surfing","1F3C4-1F3FE-200D-2642-FE0F":"man-surfing","1F3C4-1F3FF-200D-2642-FE0F":"man-surfing","1F3C4":"surfer","1F3C4-1F3FB":"surfer","1F3C4-1F3FC":"surfer","1F3C4-1F3FD":"surfer","1F3C4-1F3FE":"surfer","1F3C4-1F3FF":"surfer","1F3C5":"sports_medal","1F3C6":"trophy","1F3C7":"horse_racing","1F3C7-1F3FB":"horse_racing","1F3C7-1F3FC":"horse_racing","1F3C7-1F3FD":"horse_racing","1F3C7-1F3FE":"horse_racing","1F3C7-1F3FF":"horse_racing","1F3C8":"football","1F3C9":"rugby_football","1F3CA-200D-2640-FE0F":"woman-swimming","1F3CA-1F3FB-200D-2640-FE0F":"woman-swimming","1F3CA-1F3FC-200D-2640-FE0F":"woman-swimming","1F3CA-1F3FD-200D-2640-FE0F":"woman-swimming","1F3CA-1F3FE-200D-2640-FE0F":"woman-swimming","1F3CA-1F3FF-200D-2640-FE0F":"woman-swimming","1F3CA-200D-2642-FE0F":"man-swimming","1F3CA-1F3FB-200D-2642-FE0F":"man-swimming","1F3CA-1F3FC-200D-2642-FE0F":"man-swimming","1F3CA-1F3FD-200D-2642-FE0F":"man-swimming","1F3CA-1F3FE-200D-2642-FE0F":"man-swimming","1F3CA-1F3FF-200D-2642-FE0F":"man-swimming","1F3CA":"swimmer","1F3CA-1F3FB":"swimmer","1F3CA-1F3FC":"swimmer","1F3CA-1F3FD":"swimmer","1F3CA-1F3FE":"swimmer","1F3CA-1F3FF":"swimmer","1F3CB-FE0F-200D-2640-FE0F":"woman-lifting-weights","1F3CB-1F3FB-200D-2640-FE0F":"woman-lifting-weights","1F3CB-1F3FC-200D-2640-FE0F":"woman-lifting-weights","1F3CB-1F3FD-200D-2640-FE0F":"woman-lifting-weights","1F3CB-1F3FE-200D-2640-FE0F":"woman-lifting-weights","1F3CB-1F3FF-200D-2640-FE0F":"woman-lifting-weights","1F3CB-FE0F-200D-2642-FE0F":"man-lifting-weights","1F3CB-1F3FB-200D-2642-FE0F":"man-lifting-weights","1F3CB-1F3FC-200D-2642-FE0F":"man-lifting-weights","1F3CB-1F3FD-200D-2642-FE0F":"man-lifting-weights","1F3CB-1F3FE-200D-2642-FE0F":"man-lifting-weights","1F3CB-1F3FF-200D-2642-FE0F":"man-lifting-weights","1F3CB-FE0F":"weight_lifter","1F3CC-FE0F-200D-2640-FE0F":"woman-golfing","1F3CC-1F3FB-200D-2640-FE0F":"woman-golfing","1F3CC-1F3FC-200D-2640-FE0F":"woman-golfing","1F3CC-1F3FD-200D-2640-FE0F":"woman-golfing","1F3CC-1F3FE-200D-2640-FE0F":"woman-golfing","1F3CC-1F3FF-200D-2640-FE0F":"woman-golfing","1F3CC-FE0F-200D-2642-FE0F":"man-golfing","1F3CC-1F3FB-200D-2642-FE0F":"man-golfing","1F3CC-1F3FC-200D-2642-FE0F":"man-golfing","1F3CC-1F3FD-200D-2642-FE0F":"man-golfing","1F3CC-1F3FE-200D-2642-FE0F":"man-golfing","1F3CC-1F3FF-200D-2642-FE0F":"man-golfing","1F3CC-FE0F":"golfer","1F3CD-FE0F":"racing_motorcycle","1F3CE-FE0F":"racing_car","1F3CF":"cricket_bat_and_ball","1F3D0":"volleyball","1F3D1":"field_hockey_stick_and_ball","1F3D2":"ice_hockey_stick_and_puck","1F3D3":"table_tennis_paddle_and_ball","1F3D4-FE0F":"snow_capped_mountain","1F3D5-FE0F":"camping","1F3D6-FE0F":"beach_with_umbrella","1F3D7-FE0F":"building_construction","1F3D8-FE0F":"house_buildings","1F3D9-FE0F":"cityscape","1F3DA-FE0F":"derelict_house_building","1F3DB-FE0F":"classical_building","1F3DC-FE0F":"desert","1F3DD-FE0F":"desert_island","1F3DE-FE0F":"national_park","1F3DF-FE0F":"stadium","1F3E0":"house","1F3E1":"house_with_garden","1F3E2":"office","1F3E3":"post_office","1F3E4":"european_post_office","1F3E5":"hospital","1F3E6":"bank","1F3E7":"atm","1F3E8":"hotel","1F3E9":"love_hotel","1F3EA":"convenience_store","1F3EB":"school","1F3EC":"department_store","1F3ED":"factory","1F3EE":"izakaya_lantern","1F3EF":"japanese_castle","1F3F0":"european_castle","1F3F3-FE0F-200D-1F308":"rainbow-flag","1F3F3-FE0F":"waving_white_flag","1F3F4-E0067-E0062-E0065-E006E-E0067-E007F":"flag-england","1F3F4-E0067-E0062-E0073-E0063-E0074-E007F":"flag-scotland","1F3F4-E0067-E0062-E0077-E006C-E0073-E007F":"flag-wales","1F3F4":"waving_black_flag","1F3F5-FE0F":"rosette","1F3F7-FE0F":"label","1F3F8":"badminton_racquet_and_shuttlecock","1F3F9":"bow_and_arrow","1F3FA":"amphora","1F3FB":"skin-tone-2","1F3FC":"skin-tone-3","1F3FD":"skin-tone-4","1F3FE":"skin-tone-5","1F3FF":"skin-tone-6","1F400":"rat","1F401":"mouse2","1F402":"ox","1F403":"water_buffalo","1F404":"cow2","1F405":"tiger2","1F406":"leopard","1F407":"rabbit2","1F408":"cat2","1F409":"dragon","1F40A":"crocodile","1F40B":"whale2","1F40C":"snail","1F40D":"snake","1F40E":"racehorse","1F40F":"ram","1F410":"goat","1F411":"sheep","1F412":"monkey","1F413":"rooster","1F414":"chicken","1F415":"dog2","1F416":"pig2","1F417":"boar","1F418":"elephant","1F419":"octopus","1F41A":"shell","1F41B":"bug","1F41C":"ant","1F41D":"bee","1F41E":"beetle","1F41F":"fish","1F420":"tropical_fish","1F421":"blowfish","1F422":"turtle","1F423":"hatching_chick","1F424":"baby_chick","1F425":"hatched_chick","1F426":"bird","1F427":"penguin","1F428":"koala","1F429":"poodle","1F42A":"dromedary_camel","1F42B":"camel","1F42C":"dolphin","1F42D":"mouse","1F42E":"cow","1F42F":"tiger","1F430":"rabbit","1F431":"cat","1F432":"dragon_face","1F433":"whale","1F434":"horse","1F435":"monkey_face","1F436":"dog","1F437":"pig","1F438":"frog","1F439":"hamster","1F43A":"wolf","1F43B":"bear","1F43C":"panda_face","1F43D":"pig_nose","1F43E":"feet","1F43F-FE0F":"chipmunk","1F440":"eyes","1F441-FE0F-200D-1F5E8-FE0F":"eye-in-speech-bubble","1F441-FE0F":"eye","1F442":"ear","1F442-1F3FB":"ear","1F442-1F3FC":"ear","1F442-1F3FD":"ear","1F442-1F3FE":"ear","1F442-1F3FF":"ear","1F443":"nose","1F443-1F3FB":"nose","1F443-1F3FC":"nose","1F443-1F3FD":"nose","1F443-1F3FE":"nose","1F443-1F3FF":"nose","1F444":"lips","1F445":"tongue","1F446":"point_up_2","1F446-1F3FB":"point_up_2","1F446-1F3FC":"point_up_2","1F446-1F3FD":"point_up_2","1F446-1F3FE":"point_up_2","1F446-1F3FF":"point_up_2","1F447":"point_down","1F447-1F3FB":"point_down","1F447-1F3FC":"point_down","1F447-1F3FD":"point_down","1F447-1F3FE":"point_down","1F447-1F3FF":"point_down","1F448":"point_left","1F448-1F3FB":"point_left","1F448-1F3FC":"point_left","1F448-1F3FD":"point_left","1F448-1F3FE":"point_left","1F448-1F3FF":"point_left","1F449":"point_right","1F449-1F3FB":"point_right","1F449-1F3FC":"point_right","1F449-1F3FD":"point_right","1F449-1F3FE":"point_right","1F449-1F3FF":"point_right","1F44A":"facepunch","1F44A-1F3FB":"facepunch","1F44A-1F3FC":"facepunch","1F44A-1F3FD":"facepunch","1F44A-1F3FE":"facepunch","1F44A-1F3FF":"facepunch","1F44B":"wave","1F44B-1F3FB":"wave","1F44B-1F3FC":"wave","1F44B-1F3FD":"wave","1F44B-1F3FE":"wave","1F44B-1F3FF":"wave","1F44C":"ok_hand","1F44C-1F3FB":"ok_hand","1F44C-1F3FC":"ok_hand","1F44C-1F3FD":"ok_hand","1F44C-1F3FE":"ok_hand","1F44C-1F3FF":"ok_hand","1F44D":"+1","1F44D-1F3FB":"+1","1F44D-1F3FC":"+1","1F44D-1F3FD":"+1","1F44D-1F3FE":"+1","1F44D-1F3FF":"+1","1F44E":"-1","1F44E-1F3FB":"-1","1F44E-1F3FC":"-1","1F44E-1F3FD":"-1","1F44E-1F3FE":"-1","1F44E-1F3FF":"-1","1F44F":"clap","1F44F-1F3FB":"clap","1F44F-1F3FC":"clap","1F44F-1F3FD":"clap","1F44F-1F3FE":"clap","1F44F-1F3FF":"clap","1F450":"open_hands","1F450-1F3FB":"open_hands","1F450-1F3FC":"open_hands","1F450-1F3FD":"open_hands","1F450-1F3FE":"open_hands","1F450-1F3FF":"open_hands","1F451":"crown","1F452":"womans_hat","1F453":"eyeglasses","1F454":"necktie","1F455":"shirt","1F456":"jeans","1F457":"dress","1F458":"kimono","1F459":"bikini","1F45A":"womans_clothes","1F45B":"purse","1F45C":"handbag","1F45D":"pouch","1F45E":"mans_shoe","1F45F":"athletic_shoe","1F460":"high_heel","1F461":"sandal","1F462":"boot","1F463":"footprints","1F464":"bust_in_silhouette","1F465":"busts_in_silhouette","1F466":"boy","1F466-1F3FB":"boy","1F466-1F3FC":"boy","1F466-1F3FD":"boy","1F466-1F3FE":"boy","1F466-1F3FF":"boy","1F467":"girl","1F467-1F3FB":"girl","1F467-1F3FC":"girl","1F467-1F3FD":"girl","1F467-1F3FE":"girl","1F467-1F3FF":"girl","1F468-200D-1F33E":"male-farmer","1F468-1F3FB-200D-1F33E":"male-farmer","1F468-1F3FC-200D-1F33E":"male-farmer","1F468-1F3FD-200D-1F33E":"male-farmer","1F468-1F3FE-200D-1F33E":"male-farmer","1F468-1F3FF-200D-1F33E":"male-farmer","1F468-200D-1F373":"male-cook","1F468-1F3FB-200D-1F373":"male-cook","1F468-1F3FC-200D-1F373":"male-cook","1F468-1F3FD-200D-1F373":"male-cook","1F468-1F3FE-200D-1F373":"male-cook","1F468-1F3FF-200D-1F373":"male-cook","1F468-200D-1F393":"male-student","1F468-1F3FB-200D-1F393":"male-student","1F468-1F3FC-200D-1F393":"male-student","1F468-1F3FD-200D-1F393":"male-student","1F468-1F3FE-200D-1F393":"male-student","1F468-1F3FF-200D-1F393":"male-student","1F468-200D-1F3A4":"male-singer","1F468-1F3FB-200D-1F3A4":"male-singer","1F468-1F3FC-200D-1F3A4":"male-singer","1F468-1F3FD-200D-1F3A4":"male-singer","1F468-1F3FE-200D-1F3A4":"male-singer","1F468-1F3FF-200D-1F3A4":"male-singer","1F468-200D-1F3A8":"male-artist","1F468-1F3FB-200D-1F3A8":"male-artist","1F468-1F3FC-200D-1F3A8":"male-artist","1F468-1F3FD-200D-1F3A8":"male-artist","1F468-1F3FE-200D-1F3A8":"male-artist","1F468-1F3FF-200D-1F3A8":"male-artist","1F468-200D-1F3EB":"male-teacher","1F468-1F3FB-200D-1F3EB":"male-teacher","1F468-1F3FC-200D-1F3EB":"male-teacher","1F468-1F3FD-200D-1F3EB":"male-teacher","1F468-1F3FE-200D-1F3EB":"male-teacher","1F468-1F3FF-200D-1F3EB":"male-teacher","1F468-200D-1F3ED":"male-factory-worker","1F468-1F3FB-200D-1F3ED":"male-factory-worker","1F468-1F3FC-200D-1F3ED":"male-factory-worker","1F468-1F3FD-200D-1F3ED":"male-factory-worker","1F468-1F3FE-200D-1F3ED":"male-factory-worker","1F468-1F3FF-200D-1F3ED":"male-factory-worker","1F468-200D-1F466-200D-1F466":"man-boy-boy","1F468-200D-1F466":"man-boy","1F468-200D-1F467-200D-1F466":"man-girl-boy","1F468-200D-1F467-200D-1F467":"man-girl-girl","1F468-200D-1F467":"man-girl","1F468-200D-1F468-200D-1F466":"man-man-boy","1F468-200D-1F468-200D-1F466-200D-1F466":"man-man-boy-boy","1F468-200D-1F468-200D-1F467":"man-man-girl","1F468-200D-1F468-200D-1F467-200D-1F466":"man-man-girl-boy","1F468-200D-1F468-200D-1F467-200D-1F467":"man-man-girl-girl","1F468-200D-1F469-200D-1F466":"man-woman-boy","1F468-200D-1F469-200D-1F466-200D-1F466":"man-woman-boy-boy","1F468-200D-1F469-200D-1F467":"man-woman-girl","1F468-200D-1F469-200D-1F467-200D-1F466":"man-woman-girl-boy","1F468-200D-1F469-200D-1F467-200D-1F467":"man-woman-girl-girl","1F468-200D-1F4BB":"male-technologist","1F468-1F3FB-200D-1F4BB":"male-technologist","1F468-1F3FC-200D-1F4BB":"male-technologist","1F468-1F3FD-200D-1F4BB":"male-technologist","1F468-1F3FE-200D-1F4BB":"male-technologist","1F468-1F3FF-200D-1F4BB":"male-technologist","1F468-200D-1F4BC":"male-office-worker","1F468-1F3FB-200D-1F4BC":"male-office-worker","1F468-1F3FC-200D-1F4BC":"male-office-worker","1F468-1F3FD-200D-1F4BC":"male-office-worker","1F468-1F3FE-200D-1F4BC":"male-office-worker","1F468-1F3FF-200D-1F4BC":"male-office-worker","1F468-200D-1F527":"male-mechanic","1F468-1F3FB-200D-1F527":"male-mechanic","1F468-1F3FC-200D-1F527":"male-mechanic","1F468-1F3FD-200D-1F527":"male-mechanic","1F468-1F3FE-200D-1F527":"male-mechanic","1F468-1F3FF-200D-1F527":"male-mechanic","1F468-200D-1F52C":"male-scientist","1F468-1F3FB-200D-1F52C":"male-scientist","1F468-1F3FC-200D-1F52C":"male-scientist","1F468-1F3FD-200D-1F52C":"male-scientist","1F468-1F3FE-200D-1F52C":"male-scientist","1F468-1F3FF-200D-1F52C":"male-scientist","1F468-200D-1F680":"male-astronaut","1F468-1F3FB-200D-1F680":"male-astronaut","1F468-1F3FC-200D-1F680":"male-astronaut","1F468-1F3FD-200D-1F680":"male-astronaut","1F468-1F3FE-200D-1F680":"male-astronaut","1F468-1F3FF-200D-1F680":"male-astronaut","1F468-200D-1F692":"male-firefighter","1F468-1F3FB-200D-1F692":"male-firefighter","1F468-1F3FC-200D-1F692":"male-firefighter","1F468-1F3FD-200D-1F692":"male-firefighter","1F468-1F3FE-200D-1F692":"male-firefighter","1F468-1F3FF-200D-1F692":"male-firefighter","1F468-200D-2695-FE0F":"male-doctor","1F468-1F3FB-200D-2695-FE0F":"male-doctor","1F468-1F3FC-200D-2695-FE0F":"male-doctor","1F468-1F3FD-200D-2695-FE0F":"male-doctor","1F468-1F3FE-200D-2695-FE0F":"male-doctor","1F468-1F3FF-200D-2695-FE0F":"male-doctor","1F468-200D-2696-FE0F":"male-judge","1F468-1F3FB-200D-2696-FE0F":"male-judge","1F468-1F3FC-200D-2696-FE0F":"male-judge","1F468-1F3FD-200D-2696-FE0F":"male-judge","1F468-1F3FE-200D-2696-FE0F":"male-judge","1F468-1F3FF-200D-2696-FE0F":"male-judge","1F468-200D-2708-FE0F":"male-pilot","1F468-1F3FB-200D-2708-FE0F":"male-pilot","1F468-1F3FC-200D-2708-FE0F":"male-pilot","1F468-1F3FD-200D-2708-FE0F":"male-pilot","1F468-1F3FE-200D-2708-FE0F":"male-pilot","1F468-1F3FF-200D-2708-FE0F":"male-pilot","1F468-200D-2764-FE0F-200D-1F468":"man-heart-man","1F468-200D-2764-FE0F-200D-1F48B-200D-1F468":"man-kiss-man","1F468":"man","1F468-1F3FB":"man","1F468-1F3FC":"man","1F468-1F3FD":"man","1F468-1F3FE":"man","1F468-1F3FF":"man","1F469-200D-1F33E":"female-farmer","1F469-1F3FB-200D-1F33E":"female-farmer","1F469-1F3FC-200D-1F33E":"female-farmer","1F469-1F3FD-200D-1F33E":"female-farmer","1F469-1F3FE-200D-1F33E":"female-farmer","1F469-1F3FF-200D-1F33E":"female-farmer","1F469-200D-1F373":"female-cook","1F469-1F3FB-200D-1F373":"female-cook","1F469-1F3FC-200D-1F373":"female-cook","1F469-1F3FD-200D-1F373":"female-cook","1F469-1F3FE-200D-1F373":"female-cook","1F469-1F3FF-200D-1F373":"female-cook","1F469-200D-1F393":"female-student","1F469-1F3FB-200D-1F393":"female-student","1F469-1F3FC-200D-1F393":"female-student","1F469-1F3FD-200D-1F393":"female-student","1F469-1F3FE-200D-1F393":"female-student","1F469-1F3FF-200D-1F393":"female-student","1F469-200D-1F3A4":"female-singer","1F469-1F3FB-200D-1F3A4":"female-singer","1F469-1F3FC-200D-1F3A4":"female-singer","1F469-1F3FD-200D-1F3A4":"female-singer","1F469-1F3FE-200D-1F3A4":"female-singer","1F469-1F3FF-200D-1F3A4":"female-singer","1F469-200D-1F3A8":"female-artist","1F469-1F3FB-200D-1F3A8":"female-artist","1F469-1F3FC-200D-1F3A8":"female-artist","1F469-1F3FD-200D-1F3A8":"female-artist","1F469-1F3FE-200D-1F3A8":"female-artist","1F469-1F3FF-200D-1F3A8":"female-artist","1F469-200D-1F3EB":"female-teacher","1F469-1F3FB-200D-1F3EB":"female-teacher","1F469-1F3FC-200D-1F3EB":"female-teacher","1F469-1F3FD-200D-1F3EB":"female-teacher","1F469-1F3FE-200D-1F3EB":"female-teacher","1F469-1F3FF-200D-1F3EB":"female-teacher","1F469-200D-1F3ED":"female-factory-worker","1F469-1F3FB-200D-1F3ED":"female-factory-worker","1F469-1F3FC-200D-1F3ED":"female-factory-worker","1F469-1F3FD-200D-1F3ED":"female-factory-worker","1F469-1F3FE-200D-1F3ED":"female-factory-worker","1F469-1F3FF-200D-1F3ED":"female-factory-worker","1F469-200D-1F466-200D-1F466":"woman-boy-boy","1F469-200D-1F466":"woman-boy","1F469-200D-1F467-200D-1F466":"woman-girl-boy","1F469-200D-1F467-200D-1F467":"woman-girl-girl","1F469-200D-1F467":"woman-girl","1F469-200D-1F469-200D-1F466":"woman-woman-boy","1F469-200D-1F469-200D-1F466-200D-1F466":"woman-woman-boy-boy","1F469-200D-1F469-200D-1F467":"woman-woman-girl","1F469-200D-1F469-200D-1F467-200D-1F466":"woman-woman-girl-boy","1F469-200D-1F469-200D-1F467-200D-1F467":"woman-woman-girl-girl","1F469-200D-1F4BB":"female-technologist","1F469-1F3FB-200D-1F4BB":"female-technologist","1F469-1F3FC-200D-1F4BB":"female-technologist","1F469-1F3FD-200D-1F4BB":"female-technologist","1F469-1F3FE-200D-1F4BB":"female-technologist","1F469-1F3FF-200D-1F4BB":"female-technologist","1F469-200D-1F4BC":"female-office-worker","1F469-1F3FB-200D-1F4BC":"female-office-worker","1F469-1F3FC-200D-1F4BC":"female-office-worker","1F469-1F3FD-200D-1F4BC":"female-office-worker","1F469-1F3FE-200D-1F4BC":"female-office-worker","1F469-1F3FF-200D-1F4BC":"female-office-worker","1F469-200D-1F527":"female-mechanic","1F469-1F3FB-200D-1F527":"female-mechanic","1F469-1F3FC-200D-1F527":"female-mechanic","1F469-1F3FD-200D-1F527":"female-mechanic","1F469-1F3FE-200D-1F527":"female-mechanic","1F469-1F3FF-200D-1F527":"female-mechanic","1F469-200D-1F52C":"female-scientist","1F469-1F3FB-200D-1F52C":"female-scientist","1F469-1F3FC-200D-1F52C":"female-scientist","1F469-1F3FD-200D-1F52C":"female-scientist","1F469-1F3FE-200D-1F52C":"female-scientist","1F469-1F3FF-200D-1F52C":"female-scientist","1F469-200D-1F680":"female-astronaut","1F469-1F3FB-200D-1F680":"female-astronaut","1F469-1F3FC-200D-1F680":"female-astronaut","1F469-1F3FD-200D-1F680":"female-astronaut","1F469-1F3FE-200D-1F680":"female-astronaut","1F469-1F3FF-200D-1F680":"female-astronaut","1F469-200D-1F692":"female-firefighter","1F469-1F3FB-200D-1F692":"female-firefighter","1F469-1F3FC-200D-1F692":"female-firefighter","1F469-1F3FD-200D-1F692":"female-firefighter","1F469-1F3FE-200D-1F692":"female-firefighter","1F469-1F3FF-200D-1F692":"female-firefighter","1F469-200D-2695-FE0F":"female-doctor","1F469-1F3FB-200D-2695-FE0F":"female-doctor","1F469-1F3FC-200D-2695-FE0F":"female-doctor","1F469-1F3FD-200D-2695-FE0F":"female-doctor","1F469-1F3FE-200D-2695-FE0F":"female-doctor","1F469-1F3FF-200D-2695-FE0F":"female-doctor","1F469-200D-2696-FE0F":"female-judge","1F469-1F3FB-200D-2696-FE0F":"female-judge","1F469-1F3FC-200D-2696-FE0F":"female-judge","1F469-1F3FD-200D-2696-FE0F":"female-judge","1F469-1F3FE-200D-2696-FE0F":"female-judge","1F469-1F3FF-200D-2696-FE0F":"female-judge","1F469-200D-2708-FE0F":"female-pilot","1F469-1F3FB-200D-2708-FE0F":"female-pilot","1F469-1F3FC-200D-2708-FE0F":"female-pilot","1F469-1F3FD-200D-2708-FE0F":"female-pilot","1F469-1F3FE-200D-2708-FE0F":"female-pilot","1F469-1F3FF-200D-2708-FE0F":"female-pilot","1F469-200D-2764-FE0F-200D-1F468":"woman-heart-man","1F469-200D-2764-FE0F-200D-1F469":"woman-heart-woman","1F469-200D-2764-FE0F-200D-1F48B-200D-1F468":"woman-kiss-man","1F469-200D-2764-FE0F-200D-1F48B-200D-1F469":"woman-kiss-woman","1F469":"woman","1F469-1F3FB":"woman","1F469-1F3FC":"woman","1F469-1F3FD":"woman","1F469-1F3FE":"woman","1F469-1F3FF":"woman","1F46A":"family","1F46B":"couple","1F46C":"two_men_holding_hands","1F46D":"two_women_holding_hands","1F46E-200D-2640-FE0F":"female-police-officer","1F46E-1F3FB-200D-2640-FE0F":"female-police-officer","1F46E-1F3FC-200D-2640-FE0F":"female-police-officer","1F46E-1F3FD-200D-2640-FE0F":"female-police-officer","1F46E-1F3FE-200D-2640-FE0F":"female-police-officer","1F46E-1F3FF-200D-2640-FE0F":"female-police-officer","1F46E-200D-2642-FE0F":"male-police-officer","1F46E-1F3FB-200D-2642-FE0F":"male-police-officer","1F46E-1F3FC-200D-2642-FE0F":"male-police-officer","1F46E-1F3FD-200D-2642-FE0F":"male-police-officer","1F46E-1F3FE-200D-2642-FE0F":"male-police-officer","1F46E-1F3FF-200D-2642-FE0F":"male-police-officer","1F46E":"cop","1F46E-1F3FB":"cop","1F46E-1F3FC":"cop","1F46E-1F3FD":"cop","1F46E-1F3FE":"cop","1F46E-1F3FF":"cop","1F46F-200D-2640-FE0F":"woman-with-bunny-ears-partying","1F46F-200D-2642-FE0F":"man-with-bunny-ears-partying","1F46F":"dancers","1F470":"bride_with_veil","1F470-1F3FB":"bride_with_veil","1F470-1F3FC":"bride_with_veil","1F470-1F3FD":"bride_with_veil","1F470-1F3FE":"bride_with_veil","1F470-1F3FF":"bride_with_veil","1F471-200D-2640-FE0F":"blond-haired-woman","1F471-1F3FB-200D-2640-FE0F":"blond-haired-woman","1F471-1F3FC-200D-2640-FE0F":"blond-haired-woman","1F471-1F3FD-200D-2640-FE0F":"blond-haired-woman","1F471-1F3FE-200D-2640-FE0F":"blond-haired-woman","1F471-1F3FF-200D-2640-FE0F":"blond-haired-woman","1F471-200D-2642-FE0F":"blond-haired-man","1F471-1F3FB-200D-2642-FE0F":"blond-haired-man","1F471-1F3FC-200D-2642-FE0F":"blond-haired-man","1F471-1F3FD-200D-2642-FE0F":"blond-haired-man","1F471-1F3FE-200D-2642-FE0F":"blond-haired-man","1F471-1F3FF-200D-2642-FE0F":"blond-haired-man","1F471":"person_with_blond_hair","1F471-1F3FB":"person_with_blond_hair","1F471-1F3FC":"person_with_blond_hair","1F471-1F3FD":"person_with_blond_hair","1F471-1F3FE":"person_with_blond_hair","1F471-1F3FF":"person_with_blond_hair","1F472":"man_with_gua_pi_mao","1F472-1F3FB":"man_with_gua_pi_mao","1F472-1F3FC":"man_with_gua_pi_mao","1F472-1F3FD":"man_with_gua_pi_mao","1F472-1F3FE":"man_with_gua_pi_mao","1F472-1F3FF":"man_with_gua_pi_mao","1F473-200D-2640-FE0F":"woman-wearing-turban","1F473-1F3FB-200D-2640-FE0F":"woman-wearing-turban","1F473-1F3FC-200D-2640-FE0F":"woman-wearing-turban","1F473-1F3FD-200D-2640-FE0F":"woman-wearing-turban","1F473-1F3FE-200D-2640-FE0F":"woman-wearing-turban","1F473-1F3FF-200D-2640-FE0F":"woman-wearing-turban","1F473-200D-2642-FE0F":"man-wearing-turban","1F473-1F3FB-200D-2642-FE0F":"man-wearing-turban","1F473-1F3FC-200D-2642-FE0F":"man-wearing-turban","1F473-1F3FD-200D-2642-FE0F":"man-wearing-turban","1F473-1F3FE-200D-2642-FE0F":"man-wearing-turban","1F473-1F3FF-200D-2642-FE0F":"man-wearing-turban","1F473":"man_with_turban","1F473-1F3FB":"man_with_turban","1F473-1F3FC":"man_with_turban","1F473-1F3FD":"man_with_turban","1F473-1F3FE":"man_with_turban","1F473-1F3FF":"man_with_turban","1F474":"older_man","1F474-1F3FB":"older_man","1F474-1F3FC":"older_man","1F474-1F3FD":"older_man","1F474-1F3FE":"older_man","1F474-1F3FF":"older_man","1F475":"older_woman","1F475-1F3FB":"older_woman","1F475-1F3FC":"older_woman","1F475-1F3FD":"older_woman","1F475-1F3FE":"older_woman","1F475-1F3FF":"older_woman","1F476":"baby","1F476-1F3FB":"baby","1F476-1F3FC":"baby","1F476-1F3FD":"baby","1F476-1F3FE":"baby","1F476-1F3FF":"baby","1F477-200D-2640-FE0F":"female-construction-worker","1F477-1F3FB-200D-2640-FE0F":"female-construction-worker","1F477-1F3FC-200D-2640-FE0F":"female-construction-worker","1F477-1F3FD-200D-2640-FE0F":"female-construction-worker","1F477-1F3FE-200D-2640-FE0F":"female-construction-worker","1F477-1F3FF-200D-2640-FE0F":"female-construction-worker","1F477-200D-2642-FE0F":"male-construction-worker","1F477-1F3FB-200D-2642-FE0F":"male-construction-worker","1F477-1F3FC-200D-2642-FE0F":"male-construction-worker","1F477-1F3FD-200D-2642-FE0F":"male-construction-worker","1F477-1F3FE-200D-2642-FE0F":"male-construction-worker","1F477-1F3FF-200D-2642-FE0F":"male-construction-worker","1F477":"construction_worker","1F477-1F3FB":"construction_worker","1F477-1F3FC":"construction_worker","1F477-1F3FD":"construction_worker","1F477-1F3FE":"construction_worker","1F477-1F3FF":"construction_worker","1F478":"princess","1F478-1F3FB":"princess","1F478-1F3FC":"princess","1F478-1F3FD":"princess","1F478-1F3FE":"princess","1F478-1F3FF":"princess","1F479":"japanese_ogre","1F47A":"japanese_goblin","1F47B":"ghost","1F47C":"angel","1F47C-1F3FB":"angel","1F47C-1F3FC":"angel","1F47C-1F3FD":"angel","1F47C-1F3FE":"angel","1F47C-1F3FF":"angel","1F47D":"alien","1F47E":"space_invader","1F47F":"imp","1F480":"skull","1F481-200D-2640-FE0F":"woman-tipping-hand","1F481-1F3FB-200D-2640-FE0F":"woman-tipping-hand","1F481-1F3FC-200D-2640-FE0F":"woman-tipping-hand","1F481-1F3FD-200D-2640-FE0F":"woman-tipping-hand","1F481-1F3FE-200D-2640-FE0F":"woman-tipping-hand","1F481-1F3FF-200D-2640-FE0F":"woman-tipping-hand","1F481-200D-2642-FE0F":"man-tipping-hand","1F481-1F3FB-200D-2642-FE0F":"man-tipping-hand","1F481-1F3FC-200D-2642-FE0F":"man-tipping-hand","1F481-1F3FD-200D-2642-FE0F":"man-tipping-hand","1F481-1F3FE-200D-2642-FE0F":"man-tipping-hand","1F481-1F3FF-200D-2642-FE0F":"man-tipping-hand","1F481":"information_desk_person","1F481-1F3FB":"information_desk_person","1F481-1F3FC":"information_desk_person","1F481-1F3FD":"information_desk_person","1F481-1F3FE":"information_desk_person","1F481-1F3FF":"information_desk_person","1F482-200D-2640-FE0F":"female-guard","1F482-1F3FB-200D-2640-FE0F":"female-guard","1F482-1F3FC-200D-2640-FE0F":"female-guard","1F482-1F3FD-200D-2640-FE0F":"female-guard","1F482-1F3FE-200D-2640-FE0F":"female-guard","1F482-1F3FF-200D-2640-FE0F":"female-guard","1F482-200D-2642-FE0F":"male-guard","1F482-1F3FB-200D-2642-FE0F":"male-guard","1F482-1F3FC-200D-2642-FE0F":"male-guard","1F482-1F3FD-200D-2642-FE0F":"male-guard","1F482-1F3FE-200D-2642-FE0F":"male-guard","1F482-1F3FF-200D-2642-FE0F":"male-guard","1F482":"guardsman","1F482-1F3FB":"guardsman","1F482-1F3FC":"guardsman","1F482-1F3FD":"guardsman","1F482-1F3FE":"guardsman","1F482-1F3FF":"guardsman","1F483":"dancer","1F483-1F3FB":"dancer","1F483-1F3FC":"dancer","1F483-1F3FD":"dancer","1F483-1F3FE":"dancer","1F483-1F3FF":"dancer","1F484":"lipstick","1F485":"nail_care","1F485-1F3FB":"nail_care","1F485-1F3FC":"nail_care","1F485-1F3FD":"nail_care","1F485-1F3FE":"nail_care","1F485-1F3FF":"nail_care","1F486-200D-2640-FE0F":"woman-getting-massage","1F486-1F3FB-200D-2640-FE0F":"woman-getting-massage","1F486-1F3FC-200D-2640-FE0F":"woman-getting-massage","1F486-1F3FD-200D-2640-FE0F":"woman-getting-massage","1F486-1F3FE-200D-2640-FE0F":"woman-getting-massage","1F486-1F3FF-200D-2640-FE0F":"woman-getting-massage","1F486-200D-2642-FE0F":"man-getting-massage","1F486-1F3FB-200D-2642-FE0F":"man-getting-massage","1F486-1F3FC-200D-2642-FE0F":"man-getting-massage","1F486-1F3FD-200D-2642-FE0F":"man-getting-massage","1F486-1F3FE-200D-2642-FE0F":"man-getting-massage","1F486-1F3FF-200D-2642-FE0F":"man-getting-massage","1F486":"massage","1F486-1F3FB":"massage","1F486-1F3FC":"massage","1F486-1F3FD":"massage","1F486-1F3FE":"massage","1F486-1F3FF":"massage","1F487-200D-2640-FE0F":"woman-getting-haircut","1F487-1F3FB-200D-2640-FE0F":"woman-getting-haircut","1F487-1F3FC-200D-2640-FE0F":"woman-getting-haircut","1F487-1F3FD-200D-2640-FE0F":"woman-getting-haircut","1F487-1F3FE-200D-2640-FE0F":"woman-getting-haircut","1F487-1F3FF-200D-2640-FE0F":"woman-getting-haircut","1F487-200D-2642-FE0F":"man-getting-haircut","1F487-1F3FB-200D-2642-FE0F":"man-getting-haircut","1F487-1F3FC-200D-2642-FE0F":"man-getting-haircut","1F487-1F3FD-200D-2642-FE0F":"man-getting-haircut","1F487-1F3FE-200D-2642-FE0F":"man-getting-haircut","1F487-1F3FF-200D-2642-FE0F":"man-getting-haircut","1F487":"haircut","1F487-1F3FB":"haircut","1F487-1F3FC":"haircut","1F487-1F3FD":"haircut","1F487-1F3FE":"haircut","1F487-1F3FF":"haircut","1F488":"barber","1F489":"syringe","1F48A":"pill","1F48B":"kiss","1F48C":"love_letter","1F48D":"ring","1F48E":"gem","1F48F":"couplekiss","1F490":"bouquet","1F491":"couple_with_heart","1F492":"wedding","1F493":"heartbeat","1F494":"broken_heart","1F495":"two_hearts","1F496":"sparkling_heart","1F497":"heartpulse","1F498":"cupid","1F499":"blue_heart","1F49A":"green_heart","1F49B":"yellow_heart","1F49C":"purple_heart","1F49D":"gift_heart","1F49E":"revolving_hearts","1F49F":"heart_decoration","1F4A0":"diamond_shape_with_a_dot_inside","1F4A1":"bulb","1F4A2":"anger","1F4A3":"bomb","1F4A4":"zzz","1F4A5":"boom","1F4A6":"sweat_drops","1F4A7":"droplet","1F4A8":"dash","1F4A9":"hankey","1F4AA":"muscle","1F4AA-1F3FB":"muscle","1F4AA-1F3FC":"muscle","1F4AA-1F3FD":"muscle","1F4AA-1F3FE":"muscle","1F4AA-1F3FF":"muscle","1F4AB":"dizzy","1F4AC":"speech_balloon","1F4AD":"thought_balloon","1F4AE":"white_flower","1F4AF":"100","1F4B0":"moneybag","1F4B1":"currency_exchange","1F4B2":"heavy_dollar_sign","1F4B3":"credit_card","1F4B4":"yen","1F4B5":"dollar","1F4B6":"euro","1F4B7":"pound","1F4B8":"money_with_wings","1F4B9":"chart","1F4BA":"seat","1F4BB":"computer","1F4BC":"briefcase","1F4BD":"minidisc","1F4BE":"floppy_disk","1F4BF":"cd","1F4C0":"dvd","1F4C1":"file_folder","1F4C2":"open_file_folder","1F4C3":"page_with_curl","1F4C4":"page_facing_up","1F4C5":"date","1F4C6":"calendar","1F4C7":"card_index","1F4C8":"chart_with_upwards_trend","1F4C9":"chart_with_downwards_trend","1F4CA":"bar_chart","1F4CB":"clipboard","1F4CC":"pushpin","1F4CD":"round_pushpin","1F4CE":"paperclip","1F4CF":"straight_ruler","1F4D0":"triangular_ruler","1F4D1":"bookmark_tabs","1F4D2":"ledger","1F4D3":"notebook","1F4D4":"notebook_with_decorative_cover","1F4D5":"closed_book","1F4D6":"book","1F4D7":"green_book","1F4D8":"blue_book","1F4D9":"orange_book","1F4DA":"books","1F4DB":"name_badge","1F4DC":"scroll","1F4DD":"memo","1F4DE":"telephone_receiver","1F4DF":"pager","1F4E0":"fax","1F4E1":"satellite_antenna","1F4E2":"loudspeaker","1F4E3":"mega","1F4E4":"outbox_tray","1F4E5":"inbox_tray","1F4E6":"package","1F4E7":"e-mail","1F4E8":"incoming_envelope","1F4E9":"envelope_with_arrow","1F4EA":"mailbox_closed","1F4EB":"mailbox","1F4EC":"mailbox_with_mail","1F4ED":"mailbox_with_no_mail","1F4EE":"postbox","1F4EF":"postal_horn","1F4F0":"newspaper","1F4F1":"iphone","1F4F2":"calling","1F4F3":"vibration_mode","1F4F4":"mobile_phone_off","1F4F5":"no_mobile_phones","1F4F6":"signal_strength","1F4F7":"camera","1F4F8":"camera_with_flash","1F4F9":"video_camera","1F4FA":"tv","1F4FB":"radio","1F4FC":"vhs","1F4FD-FE0F":"film_projector","1F4FF":"prayer_beads","1F500":"twisted_rightwards_arrows","1F501":"repeat","1F502":"repeat_one","1F503":"arrows_clockwise","1F504":"arrows_counterclockwise","1F505":"low_brightness","1F506":"high_brightness","1F507":"mute","1F508":"speaker","1F509":"sound","1F50A":"loud_sound","1F50B":"battery","1F50C":"electric_plug","1F50D":"mag","1F50E":"mag_right","1F50F":"lock_with_ink_pen","1F510":"closed_lock_with_key","1F511":"key","1F512":"lock","1F513":"unlock","1F514":"bell","1F515":"no_bell","1F516":"bookmark","1F517":"link","1F518":"radio_button","1F519":"back","1F51A":"end","1F51B":"on","1F51C":"soon","1F51D":"top","1F51E":"underage","1F51F":"keycap_ten","1F520":"capital_abcd","1F521":"abcd","1F522":"1234","1F523":"symbols","1F524":"abc","1F525":"fire","1F526":"flashlight","1F527":"wrench","1F528":"hammer","1F529":"nut_and_bolt","1F52A":"hocho","1F52B":"gun","1F52C":"microscope","1F52D":"telescope","1F52E":"crystal_ball","1F52F":"six_pointed_star","1F530":"beginner","1F531":"trident","1F532":"black_square_button","1F533":"white_square_button","1F534":"red_circle","1F535":"large_blue_circle","1F536":"large_orange_diamond","1F537":"large_blue_diamond","1F538":"small_orange_diamond","1F539":"small_blue_diamond","1F53A":"small_red_triangle","1F53B":"small_red_triangle_down","1F53C":"arrow_up_small","1F53D":"arrow_down_small","1F549-FE0F":"om_symbol","1F54A-FE0F":"dove_of_peace","1F54B":"kaaba","1F54C":"mosque","1F54D":"synagogue","1F54E":"menorah_with_nine_branches","1F550":"clock1","1F551":"clock2","1F552":"clock3","1F553":"clock4","1F554":"clock5","1F555":"clock6","1F556":"clock7","1F557":"clock8","1F558":"clock9","1F559":"clock10","1F55A":"clock11","1F55B":"clock12","1F55C":"clock130","1F55D":"clock230","1F55E":"clock330","1F55F":"clock430","1F560":"clock530","1F561":"clock630","1F562":"clock730","1F563":"clock830","1F564":"clock930","1F565":"clock1030","1F566":"clock1130","1F567":"clock1230","1F56F-FE0F":"candle","1F570-FE0F":"mantelpiece_clock","1F573-FE0F":"hole","1F574-FE0F":"man_in_business_suit_levitating","1F575-FE0F-200D-2640-FE0F":"female-detective","1F575-1F3FB-200D-2640-FE0F":"female-detective","1F575-1F3FC-200D-2640-FE0F":"female-detective","1F575-1F3FD-200D-2640-FE0F":"female-detective","1F575-1F3FE-200D-2640-FE0F":"female-detective","1F575-1F3FF-200D-2640-FE0F":"female-detective","1F575-FE0F-200D-2642-FE0F":"male-detective","1F575-1F3FB-200D-2642-FE0F":"male-detective","1F575-1F3FC-200D-2642-FE0F":"male-detective","1F575-1F3FD-200D-2642-FE0F":"male-detective","1F575-1F3FE-200D-2642-FE0F":"male-detective","1F575-1F3FF-200D-2642-FE0F":"male-detective","1F575-FE0F":"sleuth_or_spy","1F576-FE0F":"dark_sunglasses","1F577-FE0F":"spider","1F578-FE0F":"spider_web","1F579-FE0F":"joystick","1F57A":"man_dancing","1F57A-1F3FB":"man_dancing","1F57A-1F3FC":"man_dancing","1F57A-1F3FD":"man_dancing","1F57A-1F3FE":"man_dancing","1F57A-1F3FF":"man_dancing","1F587-FE0F":"linked_paperclips","1F58A-FE0F":"lower_left_ballpoint_pen","1F58B-FE0F":"lower_left_fountain_pen","1F58C-FE0F":"lower_left_paintbrush","1F58D-FE0F":"lower_left_crayon","1F590-FE0F":"raised_hand_with_fingers_splayed","1F595":"middle_finger","1F595-1F3FB":"middle_finger","1F595-1F3FC":"middle_finger","1F595-1F3FD":"middle_finger","1F595-1F3FE":"middle_finger","1F595-1F3FF":"middle_finger","1F596":"spock-hand","1F596-1F3FB":"spock-hand","1F596-1F3FC":"spock-hand","1F596-1F3FD":"spock-hand","1F596-1F3FE":"spock-hand","1F596-1F3FF":"spock-hand","1F5A4":"black_heart","1F5A5-FE0F":"desktop_computer","1F5A8-FE0F":"printer","1F5B1-FE0F":"three_button_mouse","1F5B2-FE0F":"trackball","1F5BC-FE0F":"frame_with_picture","1F5C2-FE0F":"card_index_dividers","1F5C3-FE0F":"card_file_box","1F5C4-FE0F":"file_cabinet","1F5D1-FE0F":"wastebasket","1F5D2-FE0F":"spiral_note_pad","1F5D3-FE0F":"spiral_calendar_pad","1F5DC-FE0F":"compression","1F5DD-FE0F":"old_key","1F5DE-FE0F":"rolled_up_newspaper","1F5E1-FE0F":"dagger_knife","1F5E3-FE0F":"speaking_head_in_silhouette","1F5E8-FE0F":"left_speech_bubble","1F5EF-FE0F":"right_anger_bubble","1F5F3-FE0F":"ballot_box_with_ballot","1F5FA-FE0F":"world_map","1F5FB":"mount_fuji","1F5FC":"tokyo_tower","1F5FD":"statue_of_liberty","1F5FE":"japan","1F5FF":"moyai","1F600":"grinning","1F601":"grin","1F602":"joy","1F603":"smiley","1F604":"smile","1F605":"sweat_smile","1F606":"laughing","1F607":"innocent","1F608":"smiling_imp","1F609":"wink","1F60A":"blush","1F60B":"yum","1F60C":"relieved","1F60D":"heart_eyes","1F60E":"sunglasses","1F60F":"smirk","1F610":"neutral_face","1F611":"expressionless","1F612":"unamused","1F613":"sweat","1F614":"pensive","1F615":"confused","1F616":"confounded","1F617":"kissing","1F618":"kissing_heart","1F619":"kissing_smiling_eyes","1F61A":"kissing_closed_eyes","1F61B":"stuck_out_tongue","1F61C":"stuck_out_tongue_winking_eye","1F61D":"stuck_out_tongue_closed_eyes","1F61E":"disappointed","1F61F":"worried","1F620":"angry","1F621":"rage","1F622":"cry","1F623":"persevere","1F624":"triumph","1F625":"disappointed_relieved","1F626":"frowning","1F627":"anguished","1F628":"fearful","1F629":"weary","1F62A":"sleepy","1F62B":"tired_face","1F62C":"grimacing","1F62D":"sob","1F62E":"open_mouth","1F62F":"hushed","1F630":"cold_sweat","1F631":"scream","1F632":"astonished","1F633":"flushed","1F634":"sleeping","1F635":"dizzy_face","1F636":"no_mouth","1F637":"mask","1F638":"smile_cat","1F639":"joy_cat","1F63A":"smiley_cat","1F63B":"heart_eyes_cat","1F63C":"smirk_cat","1F63D":"kissing_cat","1F63E":"pouting_cat","1F63F":"crying_cat_face","1F640":"scream_cat","1F641":"slightly_frowning_face","1F642":"slightly_smiling_face","1F643":"upside_down_face","1F644":"face_with_rolling_eyes","1F645-200D-2640-FE0F":"woman-gesturing-no","1F645-1F3FB-200D-2640-FE0F":"woman-gesturing-no","1F645-1F3FC-200D-2640-FE0F":"woman-gesturing-no","1F645-1F3FD-200D-2640-FE0F":"woman-gesturing-no","1F645-1F3FE-200D-2640-FE0F":"woman-gesturing-no","1F645-1F3FF-200D-2640-FE0F":"woman-gesturing-no","1F645-200D-2642-FE0F":"man-gesturing-no","1F645-1F3FB-200D-2642-FE0F":"man-gesturing-no","1F645-1F3FC-200D-2642-FE0F":"man-gesturing-no","1F645-1F3FD-200D-2642-FE0F":"man-gesturing-no","1F645-1F3FE-200D-2642-FE0F":"man-gesturing-no","1F645-1F3FF-200D-2642-FE0F":"man-gesturing-no","1F645":"no_good","1F645-1F3FB":"no_good","1F645-1F3FC":"no_good","1F645-1F3FD":"no_good","1F645-1F3FE":"no_good","1F645-1F3FF":"no_good","1F646-200D-2640-FE0F":"woman-gesturing-ok","1F646-1F3FB-200D-2640-FE0F":"woman-gesturing-ok","1F646-1F3FC-200D-2640-FE0F":"woman-gesturing-ok","1F646-1F3FD-200D-2640-FE0F":"woman-gesturing-ok","1F646-1F3FE-200D-2640-FE0F":"woman-gesturing-ok","1F646-1F3FF-200D-2640-FE0F":"woman-gesturing-ok","1F646-200D-2642-FE0F":"man-gesturing-ok","1F646-1F3FB-200D-2642-FE0F":"man-gesturing-ok","1F646-1F3FC-200D-2642-FE0F":"man-gesturing-ok","1F646-1F3FD-200D-2642-FE0F":"man-gesturing-ok","1F646-1F3FE-200D-2642-FE0F":"man-gesturing-ok","1F646-1F3FF-200D-2642-FE0F":"man-gesturing-ok","1F646":"ok_woman","1F646-1F3FB":"ok_woman","1F646-1F3FC":"ok_woman","1F646-1F3FD":"ok_woman","1F646-1F3FE":"ok_woman","1F646-1F3FF":"ok_woman","1F647-200D-2640-FE0F":"woman-bowing","1F647-1F3FB-200D-2640-FE0F":"woman-bowing","1F647-1F3FC-200D-2640-FE0F":"woman-bowing","1F647-1F3FD-200D-2640-FE0F":"woman-bowing","1F647-1F3FE-200D-2640-FE0F":"woman-bowing","1F647-1F3FF-200D-2640-FE0F":"woman-bowing","1F647-200D-2642-FE0F":"man-bowing","1F647-1F3FB-200D-2642-FE0F":"man-bowing","1F647-1F3FC-200D-2642-FE0F":"man-bowing","1F647-1F3FD-200D-2642-FE0F":"man-bowing","1F647-1F3FE-200D-2642-FE0F":"man-bowing","1F647-1F3FF-200D-2642-FE0F":"man-bowing","1F647":"bow","1F647-1F3FB":"bow","1F647-1F3FC":"bow","1F647-1F3FD":"bow","1F647-1F3FE":"bow","1F647-1F3FF":"bow","1F648":"see_no_evil","1F649":"hear_no_evil","1F64A":"speak_no_evil","1F64B-200D-2640-FE0F":"woman-raising-hand","1F64B-1F3FB-200D-2640-FE0F":"woman-raising-hand","1F64B-1F3FC-200D-2640-FE0F":"woman-raising-hand","1F64B-1F3FD-200D-2640-FE0F":"woman-raising-hand","1F64B-1F3FE-200D-2640-FE0F":"woman-raising-hand","1F64B-1F3FF-200D-2640-FE0F":"woman-raising-hand","1F64B-200D-2642-FE0F":"man-raising-hand","1F64B-1F3FB-200D-2642-FE0F":"man-raising-hand","1F64B-1F3FC-200D-2642-FE0F":"man-raising-hand","1F64B-1F3FD-200D-2642-FE0F":"man-raising-hand","1F64B-1F3FE-200D-2642-FE0F":"man-raising-hand","1F64B-1F3FF-200D-2642-FE0F":"man-raising-hand","1F64B":"raising_hand","1F64B-1F3FB":"raising_hand","1F64B-1F3FC":"raising_hand","1F64B-1F3FD":"raising_hand","1F64B-1F3FE":"raising_hand","1F64B-1F3FF":"raising_hand","1F64C":"raised_hands","1F64C-1F3FB":"raised_hands","1F64C-1F3FC":"raised_hands","1F64C-1F3FD":"raised_hands","1F64C-1F3FE":"raised_hands","1F64C-1F3FF":"raised_hands","1F64D-200D-2640-FE0F":"woman-frowning","1F64D-1F3FB-200D-2640-FE0F":"woman-frowning","1F64D-1F3FC-200D-2640-FE0F":"woman-frowning","1F64D-1F3FD-200D-2640-FE0F":"woman-frowning","1F64D-1F3FE-200D-2640-FE0F":"woman-frowning","1F64D-1F3FF-200D-2640-FE0F":"woman-frowning","1F64D-200D-2642-FE0F":"man-frowning","1F64D-1F3FB-200D-2642-FE0F":"man-frowning","1F64D-1F3FC-200D-2642-FE0F":"man-frowning","1F64D-1F3FD-200D-2642-FE0F":"man-frowning","1F64D-1F3FE-200D-2642-FE0F":"man-frowning","1F64D-1F3FF-200D-2642-FE0F":"man-frowning","1F64D":"person_frowning","1F64D-1F3FB":"person_frowning","1F64D-1F3FC":"person_frowning","1F64D-1F3FD":"person_frowning","1F64D-1F3FE":"person_frowning","1F64D-1F3FF":"person_frowning","1F64E-200D-2640-FE0F":"woman-pouting","1F64E-1F3FB-200D-2640-FE0F":"woman-pouting","1F64E-1F3FC-200D-2640-FE0F":"woman-pouting","1F64E-1F3FD-200D-2640-FE0F":"woman-pouting","1F64E-1F3FE-200D-2640-FE0F":"woman-pouting","1F64E-1F3FF-200D-2640-FE0F":"woman-pouting","1F64E-200D-2642-FE0F":"man-pouting","1F64E-1F3FB-200D-2642-FE0F":"man-pouting","1F64E-1F3FC-200D-2642-FE0F":"man-pouting","1F64E-1F3FD-200D-2642-FE0F":"man-pouting","1F64E-1F3FE-200D-2642-FE0F":"man-pouting","1F64E-1F3FF-200D-2642-FE0F":"man-pouting","1F64E":"person_with_pouting_face","1F64E-1F3FB":"person_with_pouting_face","1F64E-1F3FC":"person_with_pouting_face","1F64E-1F3FD":"person_with_pouting_face","1F64E-1F3FE":"person_with_pouting_face","1F64E-1F3FF":"person_with_pouting_face","1F64F":"pray","1F64F-1F3FB":"pray","1F64F-1F3FC":"pray","1F64F-1F3FD":"pray","1F64F-1F3FE":"pray","1F64F-1F3FF":"pray","1F680":"rocket","1F681":"helicopter","1F682":"steam_locomotive","1F683":"railway_car","1F684":"bullettrain_side","1F685":"bullettrain_front","1F686":"train2","1F687":"metro","1F688":"light_rail","1F689":"station","1F68A":"tram","1F68B":"train","1F68C":"bus","1F68D":"oncoming_bus","1F68E":"trolleybus","1F68F":"busstop","1F690":"minibus","1F691":"ambulance","1F692":"fire_engine","1F693":"police_car","1F694":"oncoming_police_car","1F695":"taxi","1F696":"oncoming_taxi","1F697":"car","1F698":"oncoming_automobile","1F699":"blue_car","1F69A":"truck","1F69B":"articulated_lorry","1F69C":"tractor","1F69D":"monorail","1F69E":"mountain_railway","1F69F":"suspension_railway","1F6A0":"mountain_cableway","1F6A1":"aerial_tramway","1F6A2":"ship","1F6A3-200D-2640-FE0F":"woman-rowing-boat","1F6A3-1F3FB-200D-2640-FE0F":"woman-rowing-boat","1F6A3-1F3FC-200D-2640-FE0F":"woman-rowing-boat","1F6A3-1F3FD-200D-2640-FE0F":"woman-rowing-boat","1F6A3-1F3FE-200D-2640-FE0F":"woman-rowing-boat","1F6A3-1F3FF-200D-2640-FE0F":"woman-rowing-boat","1F6A3-200D-2642-FE0F":"man-rowing-boat","1F6A3-1F3FB-200D-2642-FE0F":"man-rowing-boat","1F6A3-1F3FC-200D-2642-FE0F":"man-rowing-boat","1F6A3-1F3FD-200D-2642-FE0F":"man-rowing-boat","1F6A3-1F3FE-200D-2642-FE0F":"man-rowing-boat","1F6A3-1F3FF-200D-2642-FE0F":"man-rowing-boat","1F6A3":"rowboat","1F6A3-1F3FB":"rowboat","1F6A3-1F3FC":"rowboat","1F6A3-1F3FD":"rowboat","1F6A3-1F3FE":"rowboat","1F6A3-1F3FF":"rowboat","1F6A4":"speedboat","1F6A5":"traffic_light","1F6A6":"vertical_traffic_light","1F6A7":"construction","1F6A8":"rotating_light","1F6A9":"triangular_flag_on_post","1F6AA":"door","1F6AB":"no_entry_sign","1F6AC":"smoking","1F6AD":"no_smoking","1F6AE":"put_litter_in_its_place","1F6AF":"do_not_litter","1F6B0":"potable_water","1F6B1":"non-potable_water","1F6B2":"bike","1F6B3":"no_bicycles","1F6B4-200D-2640-FE0F":"woman-biking","1F6B4-1F3FB-200D-2640-FE0F":"woman-biking","1F6B4-1F3FC-200D-2640-FE0F":"woman-biking","1F6B4-1F3FD-200D-2640-FE0F":"woman-biking","1F6B4-1F3FE-200D-2640-FE0F":"woman-biking","1F6B4-1F3FF-200D-2640-FE0F":"woman-biking","1F6B4-200D-2642-FE0F":"man-biking","1F6B4-1F3FB-200D-2642-FE0F":"man-biking","1F6B4-1F3FC-200D-2642-FE0F":"man-biking","1F6B4-1F3FD-200D-2642-FE0F":"man-biking","1F6B4-1F3FE-200D-2642-FE0F":"man-biking","1F6B4-1F3FF-200D-2642-FE0F":"man-biking","1F6B4":"bicyclist","1F6B4-1F3FB":"bicyclist","1F6B4-1F3FC":"bicyclist","1F6B4-1F3FD":"bicyclist","1F6B4-1F3FE":"bicyclist","1F6B4-1F3FF":"bicyclist","1F6B5-200D-2640-FE0F":"woman-mountain-biking","1F6B5-1F3FB-200D-2640-FE0F":"woman-mountain-biking","1F6B5-1F3FC-200D-2640-FE0F":"woman-mountain-biking","1F6B5-1F3FD-200D-2640-FE0F":"woman-mountain-biking","1F6B5-1F3FE-200D-2640-FE0F":"woman-mountain-biking","1F6B5-1F3FF-200D-2640-FE0F":"woman-mountain-biking","1F6B5-200D-2642-FE0F":"man-mountain-biking","1F6B5-1F3FB-200D-2642-FE0F":"man-mountain-biking","1F6B5-1F3FC-200D-2642-FE0F":"man-mountain-biking","1F6B5-1F3FD-200D-2642-FE0F":"man-mountain-biking","1F6B5-1F3FE-200D-2642-FE0F":"man-mountain-biking","1F6B5-1F3FF-200D-2642-FE0F":"man-mountain-biking","1F6B5":"mountain_bicyclist","1F6B5-1F3FB":"mountain_bicyclist","1F6B5-1F3FC":"mountain_bicyclist","1F6B5-1F3FD":"mountain_bicyclist","1F6B5-1F3FE":"mountain_bicyclist","1F6B5-1F3FF":"mountain_bicyclist","1F6B6-200D-2640-FE0F":"woman-walking","1F6B6-1F3FB-200D-2640-FE0F":"woman-walking","1F6B6-1F3FC-200D-2640-FE0F":"woman-walking","1F6B6-1F3FD-200D-2640-FE0F":"woman-walking","1F6B6-1F3FE-200D-2640-FE0F":"woman-walking","1F6B6-1F3FF-200D-2640-FE0F":"woman-walking","1F6B6-200D-2642-FE0F":"man-walking","1F6B6-1F3FB-200D-2642-FE0F":"man-walking","1F6B6-1F3FC-200D-2642-FE0F":"man-walking","1F6B6-1F3FD-200D-2642-FE0F":"man-walking","1F6B6-1F3FE-200D-2642-FE0F":"man-walking","1F6B6-1F3FF-200D-2642-FE0F":"man-walking","1F6B6":"walking","1F6B6-1F3FB":"walking","1F6B6-1F3FC":"walking","1F6B6-1F3FD":"walking","1F6B6-1F3FE":"walking","1F6B6-1F3FF":"walking","1F6B7":"no_pedestrians","1F6B8":"children_crossing","1F6B9":"mens","1F6BA":"womens","1F6BB":"restroom","1F6BC":"baby_symbol","1F6BD":"toilet","1F6BE":"wc","1F6BF":"shower","1F6C0":"bath","1F6C0-1F3FB":"bath","1F6C0-1F3FC":"bath","1F6C0-1F3FD":"bath","1F6C0-1F3FE":"bath","1F6C0-1F3FF":"bath","1F6C1":"bathtub","1F6C2":"passport_control","1F6C3":"customs","1F6C4":"baggage_claim","1F6C5":"left_luggage","1F6CB-FE0F":"couch_and_lamp","1F6CC":"sleeping_accommodation","1F6CC-1F3FB":"sleeping_accommodation","1F6CC-1F3FC":"sleeping_accommodation","1F6CC-1F3FD":"sleeping_accommodation","1F6CC-1F3FE":"sleeping_accommodation","1F6CC-1F3FF":"sleeping_accommodation","1F6CD-FE0F":"shopping_bags","1F6CE-FE0F":"bellhop_bell","1F6CF-FE0F":"bed","1F6D0":"place_of_worship","1F6D1":"octagonal_sign","1F6D2":"shopping_trolley","1F6E0-FE0F":"hammer_and_wrench","1F6E1-FE0F":"shield","1F6E2-FE0F":"oil_drum","1F6E3-FE0F":"motorway","1F6E4-FE0F":"railway_track","1F6E5-FE0F":"motor_boat","1F6E9-FE0F":"small_airplane","1F6EB":"airplane_departure","1F6EC":"airplane_arriving","1F6F0-FE0F":"satellite","1F6F3-FE0F":"passenger_ship","1F6F4":"scooter","1F6F5":"motor_scooter","1F6F6":"canoe","1F6F7":"sled","1F6F8":"flying_saucer","1F910":"zipper_mouth_face","1F911":"money_mouth_face","1F912":"face_with_thermometer","1F913":"nerd_face","1F914":"thinking_face","1F915":"face_with_head_bandage","1F916":"robot_face","1F917":"hugging_face","1F918":"the_horns","1F918-1F3FB":"the_horns","1F918-1F3FC":"the_horns","1F918-1F3FD":"the_horns","1F918-1F3FE":"the_horns","1F918-1F3FF":"the_horns","1F919":"call_me_hand","1F919-1F3FB":"call_me_hand","1F919-1F3FC":"call_me_hand","1F919-1F3FD":"call_me_hand","1F919-1F3FE":"call_me_hand","1F919-1F3FF":"call_me_hand","1F91A":"raised_back_of_hand","1F91A-1F3FB":"raised_back_of_hand","1F91A-1F3FC":"raised_back_of_hand","1F91A-1F3FD":"raised_back_of_hand","1F91A-1F3FE":"raised_back_of_hand","1F91A-1F3FF":"raised_back_of_hand","1F91B":"left-facing_fist","1F91B-1F3FB":"left-facing_fist","1F91B-1F3FC":"left-facing_fist","1F91B-1F3FD":"left-facing_fist","1F91B-1F3FE":"left-facing_fist","1F91B-1F3FF":"left-facing_fist","1F91C":"right-facing_fist","1F91C-1F3FB":"right-facing_fist","1F91C-1F3FC":"right-facing_fist","1F91C-1F3FD":"right-facing_fist","1F91C-1F3FE":"right-facing_fist","1F91C-1F3FF":"right-facing_fist","1F91D":"handshake","1F91E":"hand_with_index_and_middle_fingers_crossed","1F91E-1F3FB":"hand_with_index_and_middle_fingers_crossed","1F91E-1F3FC":"hand_with_index_and_middle_fingers_crossed","1F91E-1F3FD":"hand_with_index_and_middle_fingers_crossed","1F91E-1F3FE":"hand_with_index_and_middle_fingers_crossed","1F91E-1F3FF":"hand_with_index_and_middle_fingers_crossed","1F91F":"i_love_you_hand_sign","1F91F-1F3FB":"i_love_you_hand_sign","1F91F-1F3FC":"i_love_you_hand_sign","1F91F-1F3FD":"i_love_you_hand_sign","1F91F-1F3FE":"i_love_you_hand_sign","1F91F-1F3FF":"i_love_you_hand_sign","1F920":"face_with_cowboy_hat","1F921":"clown_face","1F922":"nauseated_face","1F923":"rolling_on_the_floor_laughing","1F924":"drooling_face","1F925":"lying_face","1F926-200D-2640-FE0F":"woman-facepalming","1F926-1F3FB-200D-2640-FE0F":"woman-facepalming","1F926-1F3FC-200D-2640-FE0F":"woman-facepalming","1F926-1F3FD-200D-2640-FE0F":"woman-facepalming","1F926-1F3FE-200D-2640-FE0F":"woman-facepalming","1F926-1F3FF-200D-2640-FE0F":"woman-facepalming","1F926-200D-2642-FE0F":"man-facepalming","1F926-1F3FB-200D-2642-FE0F":"man-facepalming","1F926-1F3FC-200D-2642-FE0F":"man-facepalming","1F926-1F3FD-200D-2642-FE0F":"man-facepalming","1F926-1F3FE-200D-2642-FE0F":"man-facepalming","1F926-1F3FF-200D-2642-FE0F":"man-facepalming","1F926":"face_palm","1F926-1F3FB":"face_palm","1F926-1F3FC":"face_palm","1F926-1F3FD":"face_palm","1F926-1F3FE":"face_palm","1F926-1F3FF":"face_palm","1F927":"sneezing_face","1F928":"face_with_one_eyebrow_raised","1F929":"grinning_face_with_star_eyes","1F92A":"grinning_face_with_one_large_and_one_small_eye","1F92B":"face_with_finger_covering_closed_lips","1F92C":"serious_face_with_symbols_covering_mouth","1F92D":"smiling_face_with_smiling_eyes_and_hand_covering_mouth","1F92E":"face_with_open_mouth_vomiting","1F92F":"shocked_face_with_exploding_head","1F930":"pregnant_woman","1F930-1F3FB":"pregnant_woman","1F930-1F3FC":"pregnant_woman","1F930-1F3FD":"pregnant_woman","1F930-1F3FE":"pregnant_woman","1F930-1F3FF":"pregnant_woman","1F931":"breast-feeding","1F931-1F3FB":"breast-feeding","1F931-1F3FC":"breast-feeding","1F931-1F3FD":"breast-feeding","1F931-1F3FE":"breast-feeding","1F931-1F3FF":"breast-feeding","1F932":"palms_up_together","1F932-1F3FB":"palms_up_together","1F932-1F3FC":"palms_up_together","1F932-1F3FD":"palms_up_together","1F932-1F3FE":"palms_up_together","1F932-1F3FF":"palms_up_together","1F933":"selfie","1F933-1F3FB":"selfie","1F933-1F3FC":"selfie","1F933-1F3FD":"selfie","1F933-1F3FE":"selfie","1F933-1F3FF":"selfie","1F934":"prince","1F934-1F3FB":"prince","1F934-1F3FC":"prince","1F934-1F3FD":"prince","1F934-1F3FE":"prince","1F934-1F3FF":"prince","1F935":"man_in_tuxedo","1F935-1F3FB":"man_in_tuxedo","1F935-1F3FC":"man_in_tuxedo","1F935-1F3FD":"man_in_tuxedo","1F935-1F3FE":"man_in_tuxedo","1F935-1F3FF":"man_in_tuxedo","1F936":"mother_christmas","1F936-1F3FB":"mother_christmas","1F936-1F3FC":"mother_christmas","1F936-1F3FD":"mother_christmas","1F936-1F3FE":"mother_christmas","1F936-1F3FF":"mother_christmas","1F937-200D-2640-FE0F":"woman-shrugging","1F937-1F3FB-200D-2640-FE0F":"woman-shrugging","1F937-1F3FC-200D-2640-FE0F":"woman-shrugging","1F937-1F3FD-200D-2640-FE0F":"woman-shrugging","1F937-1F3FE-200D-2640-FE0F":"woman-shrugging","1F937-1F3FF-200D-2640-FE0F":"woman-shrugging","1F937-200D-2642-FE0F":"man-shrugging","1F937-1F3FB-200D-2642-FE0F":"man-shrugging","1F937-1F3FC-200D-2642-FE0F":"man-shrugging","1F937-1F3FD-200D-2642-FE0F":"man-shrugging","1F937-1F3FE-200D-2642-FE0F":"man-shrugging","1F937-1F3FF-200D-2642-FE0F":"man-shrugging","1F937":"shrug","1F937-1F3FB":"shrug","1F937-1F3FC":"shrug","1F937-1F3FD":"shrug","1F937-1F3FE":"shrug","1F937-1F3FF":"shrug","1F938-200D-2640-FE0F":"woman-cartwheeling","1F938-1F3FB-200D-2640-FE0F":"woman-cartwheeling","1F938-1F3FC-200D-2640-FE0F":"woman-cartwheeling","1F938-1F3FD-200D-2640-FE0F":"woman-cartwheeling","1F938-1F3FE-200D-2640-FE0F":"woman-cartwheeling","1F938-1F3FF-200D-2640-FE0F":"woman-cartwheeling","1F938-200D-2642-FE0F":"man-cartwheeling","1F938-1F3FB-200D-2642-FE0F":"man-cartwheeling","1F938-1F3FC-200D-2642-FE0F":"man-cartwheeling","1F938-1F3FD-200D-2642-FE0F":"man-cartwheeling","1F938-1F3FE-200D-2642-FE0F":"man-cartwheeling","1F938-1F3FF-200D-2642-FE0F":"man-cartwheeling","1F938":"person_doing_cartwheel","1F938-1F3FB":"person_doing_cartwheel","1F938-1F3FC":"person_doing_cartwheel","1F938-1F3FD":"person_doing_cartwheel","1F938-1F3FE":"person_doing_cartwheel","1F938-1F3FF":"person_doing_cartwheel","1F939-200D-2640-FE0F":"woman-juggling","1F939-1F3FB-200D-2640-FE0F":"woman-juggling","1F939-1F3FC-200D-2640-FE0F":"woman-juggling","1F939-1F3FD-200D-2640-FE0F":"woman-juggling","1F939-1F3FE-200D-2640-FE0F":"woman-juggling","1F939-1F3FF-200D-2640-FE0F":"woman-juggling","1F939-200D-2642-FE0F":"man-juggling","1F939-1F3FB-200D-2642-FE0F":"man-juggling","1F939-1F3FC-200D-2642-FE0F":"man-juggling","1F939-1F3FD-200D-2642-FE0F":"man-juggling","1F939-1F3FE-200D-2642-FE0F":"man-juggling","1F939-1F3FF-200D-2642-FE0F":"man-juggling","1F939":"juggling","1F939-1F3FB":"juggling","1F939-1F3FC":"juggling","1F939-1F3FD":"juggling","1F939-1F3FE":"juggling","1F939-1F3FF":"juggling","1F93A":"fencer","1F93C-200D-2640-FE0F":"woman-wrestling","1F93C-200D-2642-FE0F":"man-wrestling","1F93C":"wrestlers","1F93D-200D-2640-FE0F":"woman-playing-water-polo","1F93D-1F3FB-200D-2640-FE0F":"woman-playing-water-polo","1F93D-1F3FC-200D-2640-FE0F":"woman-playing-water-polo","1F93D-1F3FD-200D-2640-FE0F":"woman-playing-water-polo","1F93D-1F3FE-200D-2640-FE0F":"woman-playing-water-polo","1F93D-1F3FF-200D-2640-FE0F":"woman-playing-water-polo","1F93D-200D-2642-FE0F":"man-playing-water-polo","1F93D-1F3FB-200D-2642-FE0F":"man-playing-water-polo","1F93D-1F3FC-200D-2642-FE0F":"man-playing-water-polo","1F93D-1F3FD-200D-2642-FE0F":"man-playing-water-polo","1F93D-1F3FE-200D-2642-FE0F":"man-playing-water-polo","1F93D-1F3FF-200D-2642-FE0F":"man-playing-water-polo","1F93D":"water_polo","1F93D-1F3FB":"water_polo","1F93D-1F3FC":"water_polo","1F93D-1F3FD":"water_polo","1F93D-1F3FE":"water_polo","1F93D-1F3FF":"water_polo","1F93E-200D-2640-FE0F":"woman-playing-handball","1F93E-1F3FB-200D-2640-FE0F":"woman-playing-handball","1F93E-1F3FC-200D-2640-FE0F":"woman-playing-handball","1F93E-1F3FD-200D-2640-FE0F":"woman-playing-handball","1F93E-1F3FE-200D-2640-FE0F":"woman-playing-handball","1F93E-1F3FF-200D-2640-FE0F":"woman-playing-handball","1F93E-200D-2642-FE0F":"man-playing-handball","1F93E-1F3FB-200D-2642-FE0F":"man-playing-handball","1F93E-1F3FC-200D-2642-FE0F":"man-playing-handball","1F93E-1F3FD-200D-2642-FE0F":"man-playing-handball","1F93E-1F3FE-200D-2642-FE0F":"man-playing-handball","1F93E-1F3FF-200D-2642-FE0F":"man-playing-handball","1F93E":"handball","1F93E-1F3FB":"handball","1F93E-1F3FC":"handball","1F93E-1F3FD":"handball","1F93E-1F3FE":"handball","1F93E-1F3FF":"handball","1F940":"wilted_flower","1F941":"drum_with_drumsticks","1F942":"clinking_glasses","1F943":"tumbler_glass","1F944":"spoon","1F945":"goal_net","1F947":"first_place_medal","1F948":"second_place_medal","1F949":"third_place_medal","1F94A":"boxing_glove","1F94B":"martial_arts_uniform","1F94C":"curling_stone","1F950":"croissant","1F951":"avocado","1F952":"cucumber","1F953":"bacon","1F954":"potato","1F955":"carrot","1F956":"baguette_bread","1F957":"green_salad","1F958":"shallow_pan_of_food","1F959":"stuffed_flatbread","1F95A":"egg","1F95B":"glass_of_milk","1F95C":"peanuts","1F95D":"kiwifruit","1F95E":"pancakes","1F95F":"dumpling","1F960":"fortune_cookie","1F961":"takeout_box","1F962":"chopsticks","1F963":"bowl_with_spoon","1F964":"cup_with_straw","1F965":"coconut","1F966":"broccoli","1F967":"pie","1F968":"pretzel","1F969":"cut_of_meat","1F96A":"sandwich","1F96B":"canned_food","1F980":"crab","1F981":"lion_face","1F982":"scorpion","1F983":"turkey","1F984":"unicorn_face","1F985":"eagle","1F986":"duck","1F987":"bat","1F988":"shark","1F989":"owl","1F98A":"fox_face","1F98B":"butterfly","1F98C":"deer","1F98D":"gorilla","1F98E":"lizard","1F98F":"rhinoceros","1F990":"shrimp","1F991":"squid","1F992":"giraffe_face","1F993":"zebra_face","1F994":"hedgehog","1F995":"sauropod","1F996":"t-rex","1F997":"cricket","1F9C0":"cheese_wedge","1F9D0":"face_with_monocle","1F9D1":"adult","1F9D1-1F3FB":"adult","1F9D1-1F3FC":"adult","1F9D1-1F3FD":"adult","1F9D1-1F3FE":"adult","1F9D1-1F3FF":"adult","1F9D2":"child","1F9D2-1F3FB":"child","1F9D2-1F3FC":"child","1F9D2-1F3FD":"child","1F9D2-1F3FE":"child","1F9D2-1F3FF":"child","1F9D3":"older_adult","1F9D3-1F3FB":"older_adult","1F9D3-1F3FC":"older_adult","1F9D3-1F3FD":"older_adult","1F9D3-1F3FE":"older_adult","1F9D3-1F3FF":"older_adult","1F9D4":"bearded_person","1F9D4-1F3FB":"bearded_person","1F9D4-1F3FC":"bearded_person","1F9D4-1F3FD":"bearded_person","1F9D4-1F3FE":"bearded_person","1F9D4-1F3FF":"bearded_person","1F9D5":"person_with_headscarf","1F9D5-1F3FB":"person_with_headscarf","1F9D5-1F3FC":"person_with_headscarf","1F9D5-1F3FD":"person_with_headscarf","1F9D5-1F3FE":"person_with_headscarf","1F9D5-1F3FF":"person_with_headscarf","1F9D6-200D-2640-FE0F":"woman_in_steamy_room","1F9D6-1F3FB-200D-2640-FE0F":"woman_in_steamy_room","1F9D6-1F3FC-200D-2640-FE0F":"woman_in_steamy_room","1F9D6-1F3FD-200D-2640-FE0F":"woman_in_steamy_room","1F9D6-1F3FE-200D-2640-FE0F":"woman_in_steamy_room","1F9D6-1F3FF-200D-2640-FE0F":"woman_in_steamy_room","1F9D6-200D-2642-FE0F":"man_in_steamy_room","1F9D6-1F3FB-200D-2642-FE0F":"man_in_steamy_room","1F9D6-1F3FC-200D-2642-FE0F":"man_in_steamy_room","1F9D6-1F3FD-200D-2642-FE0F":"man_in_steamy_room","1F9D6-1F3FE-200D-2642-FE0F":"man_in_steamy_room","1F9D6-1F3FF-200D-2642-FE0F":"man_in_steamy_room","1F9D6":"person_in_steamy_room","1F9D6-1F3FB":"person_in_steamy_room","1F9D6-1F3FC":"person_in_steamy_room","1F9D6-1F3FD":"person_in_steamy_room","1F9D6-1F3FE":"person_in_steamy_room","1F9D6-1F3FF":"person_in_steamy_room","1F9D7-200D-2640-FE0F":"woman_climbing","1F9D7-1F3FB-200D-2640-FE0F":"woman_climbing","1F9D7-1F3FC-200D-2640-FE0F":"woman_climbing","1F9D7-1F3FD-200D-2640-FE0F":"woman_climbing","1F9D7-1F3FE-200D-2640-FE0F":"woman_climbing","1F9D7-1F3FF-200D-2640-FE0F":"woman_climbing","1F9D7-200D-2642-FE0F":"man_climbing","1F9D7-1F3FB-200D-2642-FE0F":"man_climbing","1F9D7-1F3FC-200D-2642-FE0F":"man_climbing","1F9D7-1F3FD-200D-2642-FE0F":"man_climbing","1F9D7-1F3FE-200D-2642-FE0F":"man_climbing","1F9D7-1F3FF-200D-2642-FE0F":"man_climbing","1F9D7":"person_climbing","1F9D7-1F3FB":"person_climbing","1F9D7-1F3FC":"person_climbing","1F9D7-1F3FD":"person_climbing","1F9D7-1F3FE":"person_climbing","1F9D7-1F3FF":"person_climbing","1F9D8-200D-2640-FE0F":"woman_in_lotus_position","1F9D8-1F3FB-200D-2640-FE0F":"woman_in_lotus_position","1F9D8-1F3FC-200D-2640-FE0F":"woman_in_lotus_position","1F9D8-1F3FD-200D-2640-FE0F":"woman_in_lotus_position","1F9D8-1F3FE-200D-2640-FE0F":"woman_in_lotus_position","1F9D8-1F3FF-200D-2640-FE0F":"woman_in_lotus_position","1F9D8-200D-2642-FE0F":"man_in_lotus_position","1F9D8-1F3FB-200D-2642-FE0F":"man_in_lotus_position","1F9D8-1F3FC-200D-2642-FE0F":"man_in_lotus_position","1F9D8-1F3FD-200D-2642-FE0F":"man_in_lotus_position","1F9D8-1F3FE-200D-2642-FE0F":"man_in_lotus_position","1F9D8-1F3FF-200D-2642-FE0F":"man_in_lotus_position","1F9D8":"person_in_lotus_position","1F9D8-1F3FB":"person_in_lotus_position","1F9D8-1F3FC":"person_in_lotus_position","1F9D8-1F3FD":"person_in_lotus_position","1F9D8-1F3FE":"person_in_lotus_position","1F9D8-1F3FF":"person_in_lotus_position","1F9D9-200D-2640-FE0F":"female_mage","1F9D9-1F3FB-200D-2640-FE0F":"female_mage","1F9D9-1F3FC-200D-2640-FE0F":"female_mage","1F9D9-1F3FD-200D-2640-FE0F":"female_mage","1F9D9-1F3FE-200D-2640-FE0F":"female_mage","1F9D9-1F3FF-200D-2640-FE0F":"female_mage","1F9D9-200D-2642-FE0F":"male_mage","1F9D9-1F3FB-200D-2642-FE0F":"male_mage","1F9D9-1F3FC-200D-2642-FE0F":"male_mage","1F9D9-1F3FD-200D-2642-FE0F":"male_mage","1F9D9-1F3FE-200D-2642-FE0F":"male_mage","1F9D9-1F3FF-200D-2642-FE0F":"male_mage","1F9D9":"mage","1F9D9-1F3FB":"mage","1F9D9-1F3FC":"mage","1F9D9-1F3FD":"mage","1F9D9-1F3FE":"mage","1F9D9-1F3FF":"mage","1F9DA-200D-2640-FE0F":"female_fairy","1F9DA-1F3FB-200D-2640-FE0F":"female_fairy","1F9DA-1F3FC-200D-2640-FE0F":"female_fairy","1F9DA-1F3FD-200D-2640-FE0F":"female_fairy","1F9DA-1F3FE-200D-2640-FE0F":"female_fairy","1F9DA-1F3FF-200D-2640-FE0F":"female_fairy","1F9DA-200D-2642-FE0F":"male_fairy","1F9DA-1F3FB-200D-2642-FE0F":"male_fairy","1F9DA-1F3FC-200D-2642-FE0F":"male_fairy","1F9DA-1F3FD-200D-2642-FE0F":"male_fairy","1F9DA-1F3FE-200D-2642-FE0F":"male_fairy","1F9DA-1F3FF-200D-2642-FE0F":"male_fairy","1F9DA":"fairy","1F9DA-1F3FB":"fairy","1F9DA-1F3FC":"fairy","1F9DA-1F3FD":"fairy","1F9DA-1F3FE":"fairy","1F9DA-1F3FF":"fairy","1F9DB-200D-2640-FE0F":"female_vampire","1F9DB-1F3FB-200D-2640-FE0F":"female_vampire","1F9DB-1F3FC-200D-2640-FE0F":"female_vampire","1F9DB-1F3FD-200D-2640-FE0F":"female_vampire","1F9DB-1F3FE-200D-2640-FE0F":"female_vampire","1F9DB-1F3FF-200D-2640-FE0F":"female_vampire","1F9DB-200D-2642-FE0F":"male_vampire","1F9DB-1F3FB-200D-2642-FE0F":"male_vampire","1F9DB-1F3FC-200D-2642-FE0F":"male_vampire","1F9DB-1F3FD-200D-2642-FE0F":"male_vampire","1F9DB-1F3FE-200D-2642-FE0F":"male_vampire","1F9DB-1F3FF-200D-2642-FE0F":"male_vampire","1F9DB":"vampire","1F9DB-1F3FB":"vampire","1F9DB-1F3FC":"vampire","1F9DB-1F3FD":"vampire","1F9DB-1F3FE":"vampire","1F9DB-1F3FF":"vampire","1F9DC-200D-2640-FE0F":"mermaid","1F9DC-1F3FB-200D-2640-FE0F":"mermaid","1F9DC-1F3FC-200D-2640-FE0F":"mermaid","1F9DC-1F3FD-200D-2640-FE0F":"mermaid","1F9DC-1F3FE-200D-2640-FE0F":"mermaid","1F9DC-1F3FF-200D-2640-FE0F":"mermaid","1F9DC-200D-2642-FE0F":"merman","1F9DC-1F3FB-200D-2642-FE0F":"merman","1F9DC-1F3FC-200D-2642-FE0F":"merman","1F9DC-1F3FD-200D-2642-FE0F":"merman","1F9DC-1F3FE-200D-2642-FE0F":"merman","1F9DC-1F3FF-200D-2642-FE0F":"merman","1F9DC":"merperson","1F9DC-1F3FB":"merperson","1F9DC-1F3FC":"merperson","1F9DC-1F3FD":"merperson","1F9DC-1F3FE":"merperson","1F9DC-1F3FF":"merperson","1F9DD-200D-2640-FE0F":"female_elf","1F9DD-1F3FB-200D-2640-FE0F":"female_elf","1F9DD-1F3FC-200D-2640-FE0F":"female_elf","1F9DD-1F3FD-200D-2640-FE0F":"female_elf","1F9DD-1F3FE-200D-2640-FE0F":"female_elf","1F9DD-1F3FF-200D-2640-FE0F":"female_elf","1F9DD-200D-2642-FE0F":"male_elf","1F9DD-1F3FB-200D-2642-FE0F":"male_elf","1F9DD-1F3FC-200D-2642-FE0F":"male_elf","1F9DD-1F3FD-200D-2642-FE0F":"male_elf","1F9DD-1F3FE-200D-2642-FE0F":"male_elf","1F9DD-1F3FF-200D-2642-FE0F":"male_elf","1F9DD":"elf","1F9DD-1F3FB":"elf","1F9DD-1F3FC":"elf","1F9DD-1F3FD":"elf","1F9DD-1F3FE":"elf","1F9DD-1F3FF":"elf","1F9DE-200D-2640-FE0F":"female_genie","1F9DE-200D-2642-FE0F":"male_genie","1F9DE":"genie","1F9DF-200D-2640-FE0F":"female_zombie","1F9DF-200D-2642-FE0F":"male_zombie","1F9DF":"zombie","1F9E0":"brain","1F9E1":"orange_heart","1F9E2":"billed_cap","1F9E3":"scarf","1F9E4":"gloves","1F9E5":"coat","1F9E6":"socks","203C-FE0F":"bangbang","2049-FE0F":"interrobang","2122-FE0F":"tm","2139-FE0F":"information_source","2194-FE0F":"left_right_arrow","2195-FE0F":"arrow_up_down","2196-FE0F":"arrow_upper_left","2197-FE0F":"arrow_upper_right","2198-FE0F":"arrow_lower_right","2199-FE0F":"arrow_lower_left","21A9-FE0F":"leftwards_arrow_with_hook","21AA-FE0F":"arrow_right_hook","231A":"watch","231B":"hourglass","2328-FE0F":"keyboard","23CF-FE0F":"eject","23E9":"fast_forward","23EA":"rewind","23EB":"arrow_double_up","23EC":"arrow_double_down","23ED-FE0F":"black_right_pointing_double_triangle_with_vertical_bar","23EE-FE0F":"black_left_pointing_double_triangle_with_vertical_bar","23EF-FE0F":"black_right_pointing_triangle_with_double_vertical_bar","23F0":"alarm_clock","23F1-FE0F":"stopwatch","23F2-FE0F":"timer_clock","23F3":"hourglass_flowing_sand","23F8-FE0F":"double_vertical_bar","23F9-FE0F":"black_square_for_stop","23FA-FE0F":"black_circle_for_record","24C2-FE0F":"m","25AA-FE0F":"black_small_square","25AB-FE0F":"white_small_square","25B6-FE0F":"arrow_forward","25C0-FE0F":"arrow_backward","25FB-FE0F":"white_medium_square","25FC-FE0F":"black_medium_square","25FD":"white_medium_small_square","25FE":"black_medium_small_square","2600-FE0F":"sunny","2601-FE0F":"cloud","2602-FE0F":"umbrella","2603-FE0F":"snowman","2604-FE0F":"comet","260E-FE0F":"phone","2611-FE0F":"ballot_box_with_check","2614":"umbrella_with_rain_drops","2615":"coffee","2618-FE0F":"shamrock","261D-FE0F":"point_up","2620-FE0F":"skull_and_crossbones","2622-FE0F":"radioactive_sign","2623-FE0F":"biohazard_sign","2626-FE0F":"orthodox_cross","262A-FE0F":"star_and_crescent","262E-FE0F":"peace_symbol","262F-FE0F":"yin_yang","2638-FE0F":"wheel_of_dharma","2639-FE0F":"white_frowning_face","263A-FE0F":"relaxed","2640-FE0F":"female_sign","2642-FE0F":"male_sign","2648":"aries","2649":"taurus","264A":"gemini","264B":"cancer","264C":"leo","264D":"virgo","264E":"libra","264F":"scorpius","2650":"sagittarius","2651":"capricorn","2652":"aquarius","2653":"pisces","2660-FE0F":"spades","2663-FE0F":"clubs","2665-FE0F":"hearts","2666-FE0F":"diamonds","2668-FE0F":"hotsprings","267B-FE0F":"recycle","267F":"wheelchair","2692-FE0F":"hammer_and_pick","2693":"anchor","2694-FE0F":"crossed_swords","2695-FE0F":"staff_of_aesculapius","2696-FE0F":"scales","2697-FE0F":"alembic","2699-FE0F":"gear","269B-FE0F":"atom_symbol","269C-FE0F":"fleur_de_lis","26A0-FE0F":"warning","26A1":"zap","26AA":"white_circle","26AB":"black_circle","26B0-FE0F":"coffin","26B1-FE0F":"funeral_urn","26BD":"soccer","26BE":"baseball","26C4":"snowman_without_snow","26C5":"partly_sunny","26C8-FE0F":"thunder_cloud_and_rain","26CE":"ophiuchus","26CF-FE0F":"pick","26D1-FE0F":"helmet_with_white_cross","26D3-FE0F":"chains","26D4":"no_entry","26E9-FE0F":"shinto_shrine","26EA":"church","26F0-FE0F":"mountain","26F1-FE0F":"umbrella_on_ground","26F2":"fountain","26F3":"golf","26F4-FE0F":"ferry","26F5":"boat","26F7-FE0F":"skier","26F8-FE0F":"ice_skate","26F9-FE0F-200D-2640-FE0F":"woman-bouncing-ball","26F9-1F3FB-200D-2640-FE0F":"woman-bouncing-ball","26F9-1F3FC-200D-2640-FE0F":"woman-bouncing-ball","26F9-1F3FD-200D-2640-FE0F":"woman-bouncing-ball","26F9-1F3FE-200D-2640-FE0F":"woman-bouncing-ball","26F9-1F3FF-200D-2640-FE0F":"woman-bouncing-ball","26F9-FE0F-200D-2642-FE0F":"man-bouncing-ball","26F9-1F3FB-200D-2642-FE0F":"man-bouncing-ball","26F9-1F3FC-200D-2642-FE0F":"man-bouncing-ball","26F9-1F3FD-200D-2642-FE0F":"man-bouncing-ball","26F9-1F3FE-200D-2642-FE0F":"man-bouncing-ball","26F9-1F3FF-200D-2642-FE0F":"man-bouncing-ball","26F9-FE0F":"person_with_ball","26FA":"tent","26FD":"fuelpump","2702-FE0F":"scissors","2705":"white_check_mark","2708-FE0F":"airplane","2709-FE0F":"email","270A":"fist","270A-1F3FB":"fist","270A-1F3FC":"fist","270A-1F3FD":"fist","270A-1F3FE":"fist","270A-1F3FF":"fist","270B":"hand","270B-1F3FB":"hand","270B-1F3FC":"hand","270B-1F3FD":"hand","270B-1F3FE":"hand","270B-1F3FF":"hand","270C-FE0F":"v","270D-FE0F":"writing_hand","270F-FE0F":"pencil2","2712-FE0F":"black_nib","2714-FE0F":"heavy_check_mark","2716-FE0F":"heavy_multiplication_x","271D-FE0F":"latin_cross","2721-FE0F":"star_of_david","2728":"sparkles","2733-FE0F":"eight_spoked_asterisk","2734-FE0F":"eight_pointed_black_star","2744-FE0F":"snowflake","2747-FE0F":"sparkle","274C":"x","274E":"negative_squared_cross_mark","2753":"question","2754":"grey_question","2755":"grey_exclamation","2757":"exclamation","2763-FE0F":"heavy_heart_exclamation_mark_ornament","2764-FE0F":"heart","2795":"heavy_plus_sign","2796":"heavy_minus_sign","2797":"heavy_division_sign","27A1-FE0F":"arrow_right","27B0":"curly_loop","27BF":"loop","2934-FE0F":"arrow_heading_up","2935-FE0F":"arrow_heading_down","2B05-FE0F":"arrow_left","2B06-FE0F":"arrow_up","2B07-FE0F":"arrow_down","2B1B":"black_large_square","2B1C":"white_large_square","2B50":"star","2B55":"o","3030-FE0F":"wavy_dash","303D-FE0F":"part_alternation_mark","3297-FE0F":"congratulations","3299-FE0F":"secret"}